name,orderingType,sourceVendor,status,featuredImageUrl,inventoryUpdated,stock,restockTrigger,lastManualStockCheck,location,checkedOut,numUntilRestock,ytdStockUsed,updatedTime,untilRestock,mondayItemId,productCategoryId,price
"ATF- ""Your Key to Safety"" Card",Order as Needed,D5 Office,,https://qcausa.monday.com/protected_static/11070499/resources/1370648668/Your%20Key%20to%20Safety%20Card.JPEG,,66,0,2023-10-27,B,0,66,,"Pat Boatman Jul 25, 2025 9:33 PM",66,5798486971,m17f0btrm4d3v75252xajrs7tx7r4p29,0
ATF- A Guide To Modern Roundabouts Card,Order as Needed,D5 Office,,https://qcausa.monday.com/protected_static/11070499/resources/1587862718/A%20guide%20to%20modern%20roundabouts.jpg,,293,0,,B,,293,,"Pat Boatman Jul 25, 2025 9:33 PM",,5798487825,m17f0btrm4d3v75252xajrs7tx7r4p29,0
ATF- Always Stop on Red Large Card,Order as Needed,D5 Office,,https://qcausa.monday.com/protected_static/11070499/resources/1369958536/Always%20Stop%20on%20Red%20Large%20Card%205.5%20by%208.5.JPEG,,78,0,,B,0,78,,"Desmond Tatilian Jul 30, 2025 12:12 PM",78,5798487456,m17f0btrm4d3v75252xajrs7tx7r4p29,0
ATF- Always Stop on Red Small Card,Order as Needed,D5 Office,,https://qcausa.monday.com/protected_static/11070499/resources/1369964089/Always%20Stop%20on%20Red%20Small%20Card%204x6.JPEG,,7225,0,,B,100,7125,,"Pat Boatman Jul 25, 2025 9:33 PM",7225,5798487084,m17f0btrm4d3v75252xajrs7tx7r4p29,0
ATF- Bicycle Hand Signals Card,Order as Needed,D5 Office,,https://qcausa.monday.com/protected_static/11070499/resources/1384001056/AT%20Bicycle%20Hand%20Signals.jpg,,-6,0,,B,,-6,,"Pat Boatman Jul 25, 2025 9:33 PM",,6374407431,m17f0btrm4d3v75252xajrs7tx7r4p29,0
ATF- Can You See Me Now? Card,Order as Needed,D5 Office,,https://qcausa.monday.com/protected_static/11070499/resources/1369965405/Can%20you%20see%20me%20now%20Info%20Card.JPEG,v,290,0,2025-06-10,B,10,280,,"Pat Boatman Jul 25, 2025 9:33 PM",290,5798487442,m17f0btrm4d3v75252xajrs7tx7r4p29,0
ATF- Every Bicyclist and Pedestrian Large Card,Order as Needed,D5 Office,,https://qcausa.monday.com/protected_static/11070499/resources/1369968870/Every%20Bicyclist%20and%20Pedestrian%20Card.JPEG,,13,0,2024-03-14,B,50,-37,,"Pat Boatman Jul 25, 2025 9:33 PM",13,5798487163,m17f0btrm4d3v75252xajrs7tx7r4p29,0
ATF- How to Use an RRFB Card,Order as Needed,D5 Office,,https://qcausa.monday.com/protected_static/11070499/resources/1369973336/How%20to%20use%20an%20RRFB.JPEG,,5974,0,,B,,5974,,"Pat Boatman Jul 25, 2025 9:33 PM",,5798487106,m17f0btrm4d3v75252xajrs7tx7r4p29,0
ATF- How to use Ped. Hybrid Beacon Card (English),Order as Needed,D5 Office,,https://qcausa.monday.com/protected_static/11070499/resources/1369973649/How%20to%20use%20Ped.%20Hybrid%20Beacon-English.JPEG,,1033,0,2023-10-11,B,100,933,,"Pat Boatman Jul 25, 2025 9:33 PM",1033,5798486999,m17f0btrm4d3v75252xajrs7tx7r4p29,0
ATF- How to use Ped. Hybrid Beacon Card (Spanish),Order as Needed,D5 Office,,https://qcausa.monday.com/protected_static/11070499/resources/1369973802/How%20to%20use%20Ped.%20Hybrid%20Beacon-Spanish.JPEG,,538,0,,B,,538,,"Pat Boatman Jul 25, 2025 9:33 PM",,5798487221,m17f0btrm4d3v75252xajrs7tx7r4p29,0
ATF- Know Your Crosswalks Card,Order as Needed,D5 Office,,https://qcausa.monday.com/protected_static/11070499/resources/1369975303/Know%20Your%20Crosswalks.JPEG,,43,0,2024-03-14,B,,43,,"Pat Boatman Jul 25, 2025 9:33 PM",,5798487060,m17f0btrm4d3v75252xajrs7tx7r4p29,0
ATF- Look Right Tip Card (Bicycle),Order as Needed,D5 Office,,https://qcausa.monday.com/protected_static/11070499/resources/1629507016/Image%20(9).jpg,,0,0,2023-03-29,B,,0,,"Pat Boatman Jul 25, 2025 9:33 PM",,5798487058,m17f0btrm4d3v75252xajrs7tx7r4p29,0
ATF- Look Right Tip Card (Driver),Order as Needed,D5 Office,,https://qcausa.monday.com/protected_static/11070499/resources/1629512435/Image%20(10).jpg,,0,0,2023-03-29,B,,0,,"Pat Boatman Jul 25, 2025 9:33 PM",,5798487754,m17f0btrm4d3v75252xajrs7tx7r4p29,0
ATF- Parking Lot Safety Tips for Pedestrians and Drivers Card,Order as Needed,D5 Office,,"https://qcausa.monday.com/protected_static/11070499/resources/1369977478/Parking%20Lot%20Safety%20Tips.JPEG, https://qcausa.monday.com/protected_static/11070499/resources/1629480520/Image%20(8).jpg",,49,0,,B,,49,,"Pat Boatman Jul 25, 2025 9:33 PM",,5798487406,m17f0btrm4d3v75252xajrs7tx7r4p29,0
ATF- Safe Mobility at Intersections Card,Order as Needed,D5 Office,,https://qcausa.monday.com/protected_static/11070499/resources/1370611962/Safe%20Mobility%20at%20Intersections.JPEG,,0,0,,B,,0,,"Pat Boatman Jul 25, 2025 9:33 PM",,5798487357,m17f0btrm4d3v75252xajrs7tx7r4p29,0
ATF- Sharrow Card,Order as Needed,,,https://qcausa.monday.com/protected_static/11070499/resources/1384018104/Sharrow.jpg,,33,0,,B,,33,,"Pat Boatman Jul 25, 2025 9:33 PM",,6374460484,m17f0btrm4d3v75252xajrs7tx7r4p29,0
ATF- Stop the Talk Just Walk Card,Order as Needed,,,https://qcausa.monday.com/protected_static/11070499/resources/1629563099/Image%20(15).jpg,,,0,,B,,0,,"Pat Boatman Jul 25, 2025 9:33 PM",,7270426320,m17f0btrm4d3v75252xajrs7tx7r4p29,0
Bike Walk Run Bags,Order as Needed,D5 Office,,https://qcausa.monday.com/protected_static/11070499/resources/1384204683/IMG_3678.JPG,,722,0,2024-04-02,A,0,722,,"Desmond Tatilian Sep 22, 2025 4:00 PM",722,5798486918,m17272v6sc88141zzyvr1mtnk57r5x0m,0
Clear Alert Today Bags,Order as Needed,D5 Office,,https://qcausa.monday.com/protected_static/11070499/resources/1369965828/Clear%20Alert%20Today%20Bags.JPEG,,1027,0,2024-04-02,B,,1027,,"Pat Boatman Sep 10, 2025 3:36 PM",,5798486884,m17272v6sc88141zzyvr1mtnk57r5x0m,0
Green drawstring backpacks (SR2S),Order as Needed,D5 Office,,,,0,0,2023-03-29,,,0,,"Pat Boatman Sep 10, 2025 3:36 PM",,5798487734,m17272v6sc88141zzyvr1mtnk57r5x0m,0
Safe Routes to School Bags,Order as Needed,D5 Office,,https://qcausa.monday.com/protected_static/11070499/resources/1370613519/Safe%20Routes%20to%20School%20White%20Bags.JPEG,,450,0,2024-04-02,,,450,,"Pat Boatman Sep 10, 2025 3:36 PM",,5798486935,m17272v6sc88141zzyvr1mtnk57r5x0m,0
Target Zero White Plastic Bags,Staple Item,FDOT CO,,https://qcausa.monday.com/protected_static/11070499/resources/1629789296/Image%20(37).jpg,v,16700,500,2025-07-16,A,0,16200,,"Desmond Tatilian Sep 22, 2025 4:20 PM",16200,6375355952,m17272v6sc88141zzyvr1mtnk57r5x0m,0
TZ Grey Reflective Drawstring Backpacks,Staple Item,D5 Office,,https://qcausa.monday.com/protected_static/11070499/resources/1629787108/Image%20(36).jpg,v,1942,500,2025-06-27,C,198,1244,,"Desmond Tatilian Jul 31, 2025 11:26 AM",1442,5798487100,m17272v6sc88141zzyvr1mtnk57r5x0m,0
Pedestrian Reflectors - ATF,Staple Item,,Needs Restock,https://qcausa.monday.com/protected_static/11070499/resources/2294798627/Ped%20Reflector.jpg,v,200,200,2025-07-21,C,100,-100,,"Pat Boatman Jul 25, 2025 9:33 PM",0,8672314010,m17cwdx53cpmj87n9nqz868x1h7r40b6,0
Magnetic Bicycle Pins,Order as Needed,D5 Office,,https://qcausa.monday.com/protected_static/11070499/resources/1369976064/Magnetic%20Bicycle%20Pins.JPEG,,91,0,2024-04-02,,,91,,"Pat Boatman Jun 13, 2025 2:42 PM",,5798487151,m17cwdx53cpmj87n9nqz868x1h7r40b6,0
TZ Bike Lights,Staple Item,D5 Office,,https://qcausa.monday.com/protected_static/11070499/resources/1370637604/TZ%20Bike%20Lights.JPEG,v,238,1500,2025-07-21,C,4593,-5855,,"Desmond Tatilian Sep 3, 2025 5:49 PM",-1262,5798487523,m17cwdx53cpmj87n9nqz868x1h7r40b6,0
Halloween Safety Tips,Order as Needed,D5 Office,,https://qcausa.monday.com/protected_static/11070499/resources/1384030705/Halloween%20Safety%20Tips%20Bookmark.JPEG,,6300,0,,B,,6300,,"Pat Boatman Jul 25, 2025 9:34 PM",,6374497535,m17davdabeaj7ybmagz18ffgx17r5sqa,0
Motorcycle Safety-Looking Twice May Save a Life Bookmark,Order as Needed,D5 Office,,https://qcausa.monday.com/protected_static/11070499/resources/1369976271/Motorcycle%20Safety-Looking%20Twice%20May%20Save%20a%20Life%20Bookmark.JPEG,,59,0,,B,,59,,"Pat Boatman Jul 25, 2025 9:34 PM",,5798487137,m17davdabeaj7ybmagz18ffgx17r5sqa,0
Pedestrian Crossing Signals Bookmark,Order as Needed,D5 Office,,https://qcausa.monday.com/protected_static/11070499/resources/1369978024/Pedestrian%20Crossing%20Signals%20Bookmark.JPEG,,23,0,,B,,23,,"Pat Boatman Jul 25, 2025 9:34 PM",,5798487237,m17davdabeaj7ybmagz18ffgx17r5sqa,0
Walker,Order as Needed,D5 Office,,,,0,0,,B,,0,,"Pat Boatman Jul 25, 2025 9:34 PM",,6436972059,m17davdabeaj7ybmagz18ffgx17r5sqa,0
White Cane Law Bookmark,Order as Needed,D5 Office,,https://qcausa.monday.com/protected_static/11070499/resources/1370646248/White%20Cane%20Law%20Bookmark.JPEG,,13,0,,B,,13,,"Pat Boatman Jul 25, 2025 9:34 PM",,5798487065,m17davdabeaj7ybmagz18ffgx17r5sqa,0
You are in the driver's seat Bookmark,Order as Needed,D5 Office,,https://qcausa.monday.com/protected_static/11070499/resources/1370647770/You%20are%20in%20the%20drivers%20seat%20Bookmark.JPEG,,373,0,,B,,373,,"Pat Boatman Jul 25, 2025 9:34 PM",,5798487000,m17davdabeaj7ybmagz18ffgx17r5sqa,0
"""I'll Never See You Coming..."" Flyer",Order as Needed,D5 Office,,https://qcausa.monday.com/protected_static/11070499/resources/1384207943/Image%20(23).jpg,,780,0,2023-10-27,B,,780,,"Pat Boatman Jul 25, 2025 9:34 PM",,5798487261,m1700rncwmy3kaafwgs6p76m357r5a90,0
Age-Friendly Florida's Transportation Checklist,Order as Needed,,,https://qcausa.monday.com/protected_static/11070499/resources/1384152060/Image%20(22).jpg,,39,0,,B,,39,,"Pat Boatman Jul 25, 2025 9:34 PM",,6375050860,m1700rncwmy3kaafwgs6p76m357r5a90,0
Bicycling - How to Use Transportation Options in FL,Order as Needed,,,https://qcausa.monday.com/protected_static/11070499/resources/1384093570/Image%20(12).jpg,,0,0,,B,,0,,"Pat Boatman Jul 25, 2025 9:34 PM",,6374778399,m1700rncwmy3kaafwgs6p76m357r5a90,0
Bicycling - Tips on How to Use Transportation Options in FL,Order as Needed,,,https://qcausa.monday.com/protected_static/11070499/resources/1384087428/Image%20(11).jpg,,200,0,,B,,200,,"Pat Boatman Jul 25, 2025 9:34 PM",,6374762117,m1700rncwmy3kaafwgs6p76m357r5a90,0
Fitting Your Bike Helmet Brochure,Staple Item,D5 Office,,https://qcausa.monday.com/protected_static/11070499/resources/1383716457/Fitting%20Your%20Bike%20Helmet%20Brochure.jpg,v,100,200,2025-07-02,B,100,-200,,"Desmond Tatilian Sep 3, 2025 5:49 PM",-100,5798486974,m1700rncwmy3kaafwgs6p76m357r5a90,0
"Florida Bicycle Signs, Signals, and Markings Brochure",Staple Item,D5 Office,,https://qcausa.monday.com/protected_static/11070499/resources/1369970282/Florida%20Bicycle%20Signs_%20Signals_%20and%20Markings%20Brochure.JPEG,v,1135,200,2025-07-02,B,25,910,,"Desmond Tatilian Sep 3, 2025 1:51 PM",935,5798486951,m1700rncwmy3kaafwgs6p76m357r5a90,0
"Florida Pedestrian Signs, Signals, and Markings Brochure",Staple Item,D5 Office,,https://qcausa.monday.com/protected_static/11070499/resources/1369970695/Florida%20Pedestrian%20Signs_%20Signals_%20and%20Markings%20Brochure.JPEG,v,1590,200,2025-06-27,B,10,1380,,"Desmond Tatilian Sep 3, 2025 1:51 PM",1390,5798487521,m1700rncwmy3kaafwgs6p76m357r5a90,0
Golf Cart Brochure,Order as Needed,Safe Mobility for Life Coalition,,https://qcausa.monday.com/protected_static/11070499/resources/1369971271/Golf%20Cart%20Brochure.JPEG,,157,0,2023-11-09,B,,157,,"Pat Boatman Jul 25, 2025 9:34 PM",,5798487350,m1700rncwmy3kaafwgs6p76m357r5a90,0
Heads Up! Cross Safely Brochure,Order as Needed,D5 Office,,https://qcausa.monday.com/protected_static/11070499/resources/1369972355/Heads%20Up!%20Cross%20Safely%20Brochure.JPEG,,132,0,,B,,132,,"Pat Boatman Jul 25, 2025 9:34 PM",,5798487107,m1700rncwmy3kaafwgs6p76m357r5a90,0
Informed Bicycling in Florida: A Pocket Guide,Order as Needed,Florida Bicycle Assoc.,,https://qcausa.monday.com/protected_static/11070499/resources/1629730045/Image%20(26).jpg,v,250,0,2025-07-02,B,,250,,"Pat Boatman Jul 25, 2025 9:34 PM",250,5798487928,m1700rncwmy3kaafwgs6p76m357r5a90,0
Safe Routes to School Strateic Plan,Order as Needed,,,https://qcausa.monday.com/protected_static/11070499/resources/1384336326/IMG_3687.JPG,,100,0,2024-04-02,B,,100,,"Pat Boatman Jul 25, 2025 9:34 PM",,6375749699,m1700rncwmy3kaafwgs6p76m357r5a90,0
Safety doesn't happen by accident-large flyer,Order as Needed,D5 Office,,https://qcausa.monday.com/protected_static/11070499/resources/1370614458/Safety%20doesnt%20happen%20by%20accident-large%20flyer.JPEG,,500,0,,B,,500,,"Pat Boatman Jul 25, 2025 9:34 PM",,5798487483,m1700rncwmy3kaafwgs6p76m357r5a90,0
Safety doesn't happen by accident-small flyer-Eng,Order as Needed,D5 Office,,https://qcausa.monday.com/protected_static/11070499/resources/1370614995/Safety%20doesnt%20happen%20by%20accident-small%20flyer-Eng.JPEG,,236,0,,B,,236,,"Pat Boatman Jul 25, 2025 9:34 PM",,5798487008,m1700rncwmy3kaafwgs6p76m357r5a90,0
Safety doesn't happen by accident-small flyer-Sp,Order as Needed,D5 Office,,https://qcausa.monday.com/protected_static/11070499/resources/1370616374/Safety%20doesnt%20happen%20by%20accident-small%20flyer-Spanish.JPEG,,42,0,,B,,42,,"Pat Boatman Jul 25, 2025 9:34 PM",,5798487500,m1700rncwmy3kaafwgs6p76m357r5a90,0
SMFL Families and Caregivers SPANISH,Order as Needed,,,https://qcausa.monday.com/protected_static/11070499/resources/1629770699/Image%20(33).jpg,,1100,0,,B,100,1000,,"Desmond Tatilian Sep 3, 2025 1:52 PM",1100,6950918206,m1700rncwmy3kaafwgs6p76m357r5a90,0
SMFL Florida's Guide Safe Mobility For Life ENGLISH,Order as Needed,,,https://qcausa.monday.com/protected_static/11070499/resources/1629774996/Image%20(34).jpg,,-130,0,,B,,-130,,"Pat Boatman Jul 25, 2025 9:34 PM",,6940982785,m1700rncwmy3kaafwgs6p76m357r5a90,0
SMFL Florida's Guide to Aging Drivers SPANISH,Order as Needed,,,https://qcausa.monday.com/protected_static/11070499/resources/1384145989/Image%20(21).jpg,,290,0,,B,,290,,"Pat Boatman Jul 25, 2025 9:34 PM",,6375016577,m1700rncwmy3kaafwgs6p76m357r5a90,0
SMFL Walking-Tips on how to use Transportation options in Florida,Order as Needed,,,https://qcausa.monday.com/protected_static/11070499/resources/1629776484/Image%20(35).jpg,,300,0,,B,,300,,"Pat Boatman Jul 25, 2025 9:34 PM",,6941016222,m1700rncwmy3kaafwgs6p76m357r5a90,0
SMFL-How to Safely Navigate a Roundabout Flyer,Order as Needed,D5 Office,,https://qcausa.monday.com/protected_static/11070499/resources/1369973184/How%20to%20Safely%20Navigate%20a%20Roundabout%20Flyer.JPEG,,-8,0,2023-10-27,B,,-8,,"Pat Boatman Jul 25, 2025 9:34 PM",,5798487239,m1700rncwmy3kaafwgs6p76m357r5a90,0
Stop Speeding (Red/Black Flyer),Order as Needed,D5 Office,,https://qcausa.monday.com/protected_static/11070499/resources/1370632355/Stop%20Speeding%20(RedBlack%20Flyer).JPEG,,85,0,2024-03-14,B,,85,,"Pat Boatman Jul 25, 2025 9:34 PM",,5798487419,m1700rncwmy3kaafwgs6p76m357r5a90,0
Stop Speeding (Red/White Flyer) - Eng & Span,Order as Needed,D5 Office,,"https://qcausa.monday.com/protected_static/11070499/resources/1629739341/Image%20(27).jpg, https://qcausa.monday.com/protected_static/11070499/resources/1629739351/Image%20(28).jpg",,17,0,,B,,17,,"Pat Boatman Jul 25, 2025 9:34 PM",,5798487399,m1700rncwmy3kaafwgs6p76m357r5a90,0
Take the No Texting Pledge Brochure,Order as Needed,D5 Office,,https://qcausa.monday.com/protected_static/11070499/resources/1370633643/Take%20the%20No%20Texting%20Pledge%20Brochure.JPEG,,3947,0,2023-10-27,B,,3947,,"Pat Boatman Jul 25, 2025 9:34 PM",,5798487455,m1700rncwmy3kaafwgs6p76m357r5a90,0
Top Florida Trails Pamphlet,Order as Needed,D5 Office,,,,0,0,,B,,0,,"Pat Boatman Jul 25, 2025 9:34 PM",,5798487854,m1700rncwmy3kaafwgs6p76m357r5a90,0
Transportation Network Companies Brochure,Order as Needed,,,https://qcausa.monday.com/protected_static/11070499/resources/1370635530/Transportation%20Network%20Companies%20Brochure.JPEG,,-5,0,2023-11-09,B,,-5,,"Pat Boatman Jul 25, 2025 9:34 PM",,5798487328,m1700rncwmy3kaafwgs6p76m357r5a90,0
Wireless Communications Flyer-Eng,Order as Needed,D5 Office,,https://qcausa.monday.com/protected_static/11070499/resources/1370646717/Wireless%20Communications%20Flyer-Eng.JPEG,,190,0,2024-08-19,B,,190,,"Pat Boatman Jul 25, 2025 9:34 PM",,5798487312,m1700rncwmy3kaafwgs6p76m357r5a90,0
Wireless Communications Flyer-Sp,Order as Needed,D5 Office,,https://qcausa.monday.com/protected_static/11070499/resources/1383740533/Wireless%20Communications%20Flyer-Span.JPEG.jpg,,100,0,2024-08-19,B,,100,,"Pat Boatman Jul 25, 2025 9:34 PM",,5798487335,m1700rncwmy3kaafwgs6p76m357r5a90,0
You Hold the Keys to Your Transportation Future,Order as Needed,,,https://qcausa.monday.com/protected_static/11070499/resources/1384128657/Image%20(15).jpg,,30,0,,B,,30,,"Pat Boatman Jul 25, 2025 9:34 PM",,6374939303,m1700rncwmy3kaafwgs6p76m357r5a90,0
"""I've Got a Flat...Move Over for Me."" Microfiber Cloth",Order as Needed,D5 Office,,https://qcausa.monday.com/protected_static/11070499/resources/1369974325/Ive%20got%20a%20flat...Move%20Over%20for%20Me.%20Glasses%20Cleaner.JPEG,,25,0,2023-10-27,C,300,-275,,"Pat Boatman Jul 25, 2025 9:34 PM",25,5798487285,m17cb6bypj9vz334d06hnmw8697r5bfy,0
"""Put It Down!"" Cellphone Card Holder",Order as Needed,D5 Office,,,,0,0,2023-10-27,,,0,,"Pat Boatman Jun 13, 2025 2:42 PM",,5798487167,m17cb6bypj9vz334d06hnmw8697r5bfy,0
"""Stop Tailgating"" Cellphone Card Holder",Order as Needed,D5 Office,,https://qcausa.monday.com/protected_static/11070499/resources/1370633280/Stop%20Tailgating%20Cellphone%20Card%20Holder.JPEG,,278,0,2023-10-27,,,278,,"Pat Boatman Jun 13, 2025 2:42 PM",,5798487190,m17cb6bypj9vz334d06hnmw8697r5bfy,0
CTST Microfiber Cloths,Order as Needed,,,,,0,0,,,,0,,"Pat Boatman Jul 17, 2025 11:51 AM",,8734683988,m17cb6bypj9vz334d06hnmw8697r5bfy,0
Every Bicyclist & Pedestrian Phone Microfiber Cloth - Alert Today,Order as Needed,,,https://qcausa.monday.com/protected_static/11070499/resources/1629757213/Image%20(30).jpg,,0,0,,,,0,,"Pat Boatman Jul 25, 2025 9:35 PM",,7271111747,m17cb6bypj9vz334d06hnmw8697r5bfy,0
Gadget Grips,Order as Needed,D5 Office,,https://qcausa.monday.com/protected_static/11070499/resources/1369970950/Gadget%20Grips.JPEG,,0,0,2023-10-27,,,0,,"Pat Boatman Jun 13, 2025 2:42 PM",,5798487219,m17cb6bypj9vz334d06hnmw8697r5bfy,0
Stop the Talk Just Walk Phone Microfiber Cloth - Alert Today,Order as Needed,,,https://qcausa.monday.com/protected_static/11070499/resources/1629755362/Image%20(31).jpg,,0,0,,,,0,,"Pat Boatman Jul 25, 2025 9:35 PM",,7271096024,m17cb6bypj9vz334d06hnmw8697r5bfy,0
TZ Cell Phone Chargers,Staple Item,D5 Office,,https://qcausa.monday.com/protected_static/11070499/resources/1384115449/Cell%20Phone%20Charger.jpg,v,1000,500,2025-07-10,C,,500,,"Pat Boatman Jul 25, 2025 9:35 PM",,6252908624,m17cb6bypj9vz334d06hnmw8697r5bfy,0
About Traffic Safety Red Coloring and Activities Book,Staple Item,D5 Office,Needs Restock,https://qcausa.monday.com/protected_static/11070499/resources/1369957083/About%20Traffic%20Safety%20Red%20Coloring%20and%20Activities%20Book.JPEG,v,13,200,2023-10-26,C,,-187,,"Pat Boatman Jun 25, 2025 3:13 PM",,5798487289,m1721sapsxsc0rt7d181y5ty557r4enn,0
Biking Activity Books - Safe Mobility,Staple Item,,Needs Restock,https://qcausa.monday.com/protected_static/11070499/resources/1629699224/Image%20(19).jpg,v,0,200,2023-11-09,C,,-200,,"Pat Boatman Jun 25, 2025 3:13 PM",,5798487302,m1721sapsxsc0rt7d181y5ty557r4enn,0
Drive Your Bicycle Safely; A Coloring & Activity Book,Staple Item,D5 Office,Needs Restock,https://qcausa.monday.com/protected_static/11070499/resources/1629692399/Image%20(18).jpg,v,0,200,,C,,-200,,"Pat Boatman Jun 25, 2025 3:13 PM",,6373900114,m1721sapsxsc0rt7d181y5ty557r4enn,0
I'm safe! Walk & Bike with me in Florida,Staple Item,D5 Office,Needs Restock,https://qcausa.monday.com/protected_static/11070499/resources/1369974033/Im%20safe!%20Walk%20_%20Bike%20with%20me%20in%20Florida.JPEG,v,0,200,,C,,-200,,"Pat Boatman Jun 25, 2025 3:13 PM",,5798487332,m1721sapsxsc0rt7d181y5ty557r4enn,0
Know What? Bike Safety Rules,Staple Item,D5 Office,,https://qcausa.monday.com/protected_static/11070499/resources/1369974626/Know%20What%20Bike%20Safety%20Rules.JPEG,v,400,200,2023-10-26,C,,200,,"Pat Boatman Jun 25, 2025 3:13 PM",,5798487309,m1721sapsxsc0rt7d181y5ty557r4enn,0
Know What? We Buckle Up Activity Book,Staple Item,D5 Office,,https://qcausa.monday.com/protected_static/11070499/resources/1629710529/Image%20(21).jpg,v,0,200,,C,,-200,,"Pat Boatman Jun 25, 2025 3:13 PM",,6776517907,m1721sapsxsc0rt7d181y5ty557r4enn,0
Let's Ride! A Kid's Guide to Bicycle Safety Activities Book,Staple Item,D5 Office,,https://qcausa.monday.com/protected_static/11070499/resources/1369975808/Lets%20Ride!%20A%20Kids%20Guide%20to%20Bicycle%20Safety%20Activities%20Book.JPEG,v,6735,200,2025-07-10,C,1640,4895,,"Desmond Tatilian Jul 15, 2025 11:32 AM",6535,5798487415,m1721sapsxsc0rt7d181y5ty557r4enn,0
School Bus Safety Coloring and Activity Book,Staple Item,D5 Office,,https://qcausa.monday.com/protected_static/11070499/resources/1370617396/School%20Bus%20Safety%20Coloring%20and%20Activity%20Book.JPEG,v,5095,200,2025-07-10,C,,4895,,"Pat Boatman Jul 10, 2025 11:18 AM",4895,5798487264,m1721sapsxsc0rt7d181y5ty557r4enn,0
SR2S-Bike 2 School Mini Activity Book & Coloring Pages,Staple Item,D5 Office,Needs Restock,https://qcausa.monday.com/protected_static/11070499/resources/1370618429/SR2S-Bike%202%20School%20Mini%20Activity%20Book%20_%20Coloring%20Pages.JPEG,v,0,200,2023-10-11,C,,-200,,"Pat Boatman Jun 25, 2025 3:13 PM",,5798487491,m1721sapsxsc0rt7d181y5ty557r4enn,0
SR2S-Guardians of Roadway Safety-Guardian Comic/Activity Book,Staple Item,D5 Office,,https://qcausa.monday.com/protected_static/11070499/resources/1384068687/IMG_3677.JPG,v,0,200,2025-07-10,C,,-200,,"Pat Boatman Jul 10, 2025 11:18 AM",,5798487023,m1721sapsxsc0rt7d181y5ty557r4enn,0
SR2S-Guardians of Roadway Safety-Lotte Comic/Activity Book,Staple Item,D5 Office,,https://qcausa.monday.com/protected_static/11070499/resources/1370621404/SR2S-Guardians%20of%20Roadway%20Safety-Lotte%20ComicActivity%20Book.JPEG,v,935,200,2024-08-14,C,215,520,,"Desmond Tatilian Jul 31, 2025 11:26 AM",735,5798487057,m1721sapsxsc0rt7d181y5ty557r4enn,0
SR2S-Guardians of Roadway Safety-Metro #1 Comic/Activity Book,Staple Item,D5 Office,,https://qcausa.monday.com/protected_static/11070499/resources/1370622348/SR2S-Guardians%20of%20Roadway%20Safety-Metro%20_1%20ComicActivity%20Book.JPEG,v,215,200,2025-07-10,C,,15,,"Pat Boatman Jul 10, 2025 11:18 AM",15,5798487331,m1721sapsxsc0rt7d181y5ty557r4enn,0
SR2S-Guardians of Roadway Safety-Metro #2 Comic/Activity Book,Staple Item,D5 Office,,https://qcausa.monday.com/protected_static/11070499/resources/1370622901/SR2S-Guardians%20of%20Roadway%20Safety-Metro%20_2%20ComicActivity%20Book.JPEG,v,2077,200,2025-07-10,C,151,1726,,"Desmond Tatilian Jul 31, 2025 11:26 AM",1877,5798486845,m1721sapsxsc0rt7d181y5ty557r4enn,0
SR2S-Guardians of Roadway Safety-RW-X Comic/Activity Book,Staple Item,D5 Office,,https://qcausa.monday.com/protected_static/11070499/resources/1370623900/SR2S-Guardians%20of%20Roadway%20Safety-RW-X%20ComicActivity%20Book.JPEG,v,154,200,2024-04-02,C,75,-121,,"Desmond Tatilian Jul 30, 2025 12:09 PM",-46,5798487353,m1721sapsxsc0rt7d181y5ty557r4enn,0
SR2S-Guardians of Roadway Safety-Ryder #1 Comic/Activity Book,Staple Item,,,https://qcausa.monday.com/protected_static/11070499/resources/2201693530/Ryder.jpg,v,1545,200,2025-07-10,C,100,1245,,"Desmond Tatilian Jul 30, 2025 12:09 PM",1345,6376115927,m1721sapsxsc0rt7d181y5ty557r4enn,0
SR2S-Guardians of Roadway Safety-Ryder #2 Comic/Activity Book,Staple Item,D5 Office,,https://qcausa.monday.com/protected_static/11070499/resources/1370624842/SR2S-Guardians%20of%20Roadway%20Safety-Ryder%20ComicActivity%20Book.JPEG,v,0,200,,C,,-200,,"Pat Boatman Jun 25, 2025 3:13 PM",,5798486924,m1721sapsxsc0rt7d181y5ty557r4enn,0
SR2S-Guardians of Roadway Safety-Sally DOT Comic/Activity Book,Staple Item,D5 Office,,https://qcausa.monday.com/protected_static/11070499/resources/1370625451/SR2S-Guardians%20of%20Roadway%20Safety-Sally%20DOT%20ComicActivity%20Book.JPEG,v,128,200,2024-08-14,C,,-72,,"Pat Boatman Jun 25, 2025 3:13 PM",,5798487224,m1721sapsxsc0rt7d181y5ty557r4enn,0
SR2S-Guardians of Roadway Safety-Superhero Safety Squad Comic/Activity Book,Staple Item,D5 Office,,https://qcausa.monday.com/protected_static/11070499/resources/1370626190/SR2S-Guardians%20of%20Roadway%20Safety-Superhero%20Safety%20Squad%20ComicActivity%20Book.JPEG,v,750,200,2024-04-02,C,,550,,"Pat Boatman Jun 25, 2025 3:13 PM",,5798487430,m1721sapsxsc0rt7d181y5ty557r4enn,0
SR2S-Guardians of Roadway Safety-Walker #2 Comic/Activity Book,Staple Item,D5 Office,,https://qcausa.monday.com/protected_static/11070499/resources/1629707366/Image%20(20).jpg,v,1000,200,2024-04-11,C,,800,,"Pat Boatman Jun 25, 2025 3:13 PM",,6437014105,m1721sapsxsc0rt7d181y5ty557r4enn,0
SR2S-Know What? We Walk Safely! Activity Book,Staple Item,D5 Office,Needs Restock,https://qcausa.monday.com/protected_static/11070499/resources/1370627161/SR2S-Know%20What%20We%20Walk%20Safely!%20Activity%20Book.JPEG,v,200,200,,C,,0,,"Pat Boatman Jun 25, 2025 3:13 PM",,5798486868,m1721sapsxsc0rt7d181y5ty557r4enn,0
SR2S-Let's Learn About Traffic Safety Yellow Activity Book,Staple Item,D5 Office,,https://qcausa.monday.com/protected_static/11070499/resources/1370627832/SR2S-Lets%20Learn%20About%20Traffic%20Safety%20Yellow%20Activity%20Book.JPEG,v,600,200,2023-10-12,C,,400,,"Pat Boatman Jun 25, 2025 3:13 PM",,5798487111,m1721sapsxsc0rt7d181y5ty557r4enn,0
SR2S-Wheel Safety Learning and Activity Book-English,Staple Item,D5 Office,Needs Restock,https://qcausa.monday.com/protected_static/11070499/resources/1370599991/SR2S-Wheel%20Safety%20Learning%20and%20Activity%20Book-English.JPEG,v,25,200,,C,,-175,,"Desmond Tatilian Jul 2, 2025 11:06 AM",-175,5798487138,m1721sapsxsc0rt7d181y5ty557r4enn,0
SR2S-Wheel Safety Learning and Activity Book-Spanish,Staple Item,D5 Office,,https://qcausa.monday.com/protected_static/11070499/resources/1370600462/SR2S-Wheel%20Safety%20Learning%20and%20Activity%20Book-Spanish.JPEG,v,1900,200,,C,500,1200,,"Desmond Tatilian Jul 15, 2025 11:32 AM",1700,5798487191,m1721sapsxsc0rt7d181y5ty557r4enn,0
Walking Activity Books - Safe Mobility,Staple Item,,Needs Restock,https://qcausa.monday.com/protected_static/11070499/resources/1384133556/Image%20(17).jpg,v,0,200,2023-11-09,C,,-200,,"Pat Boatman Jun 25, 2025 3:13 PM",,5798487187,m1721sapsxsc0rt7d181y5ty557r4enn,0
You Are Super Safe TZ Comic,Order as Needed,,,https://qcausa.monday.com/protected_static/11070499/resources/2201726285/Super%20Safe.jpg,v,640,200,2025-07-02,C,360,80,,"Desmond Tatilian Jul 30, 2025 12:09 PM",440,9361855691,m1721sapsxsc0rt7d181y5ty557r4enn,0
My Book About Riding the School Bus Activity Book,Order as Needed,,,https://qcausa.monday.com/protected_static/11070499/resources/2255275694/MSB.jpg,v,4445,200,2025-06-27,Intern,,4245,,"Pat Boatman Jul 25, 2025 9:35 PM",4445,9471493132,m1721sapsxsc0rt7d181y5ty557r4enn,0
Safe on the School Bus Activity Book,Order as Needed,,,https://qcausa.monday.com/protected_static/11070499/resources/2255276889/Safe.jpg,v,3882,200,2025-06-27,Intern,63,3619,,"Desmond Tatilian Sep 3, 2025 3:59 PM",3682,9471496319,m1721sapsxsc0rt7d181y5ty557r4enn,0
Safe on the School Bus Activity Book Spanish,Order as Needed,,,https://qcausa.monday.com/protected_static/11070499/resources/2255277310/Safe%20Spanish.jpg,v,2320,200,2025-06-27,Intern,400,1720,,"Pat Boatman Jul 25, 2025 9:35 PM",2120,9471497843,m1721sapsxsc0rt7d181y5ty557r4enn,0
Drive Your Bicycle Safely; A Coloring & Activity Book Spanish,Order as Needed,,,https://qcausa.monday.com/protected_static/11070499/resources/2255277595/Bike%20Spanish.jpg,v,7400,200,2025-07-02,Intern,,7200,,"Pat Boatman Jul 25, 2025 9:35 PM",7400,9471503302,m1721sapsxsc0rt7d181y5ty557r4enn,0
ABCs of Safety Coloring Book,Staple Item,D5 Office,,https://qcausa.monday.com/protected_static/11070499/resources/2294788863/ABCs.jpg,v,2525,200,2025-07-02,Intern,475,1850,,"Desmond Tatilian Jul 30, 2025 12:09 PM",2325,9503998639,m1721sapsxsc0rt7d181y5ty557r4enn,0
Crash Test Dummy Costumes,Order as Needed,D5 Office,,,,2,0,2023-01-20,,,2,,"Pat Boatman Jun 13, 2025 2:42 PM",,5798487294,m17ajzxe1gd6xkqkfpvxty03ad7r5jdc,0
DND Door Hanger Forest,Order as Needed,FDOT CO,,https://qcausa.monday.com/protected_static/11070499/resources/1369967328/DND%20Forest.JPEG,v,1935,0,2025-06-09,B,,1935,,"Pat Boatman Jul 25, 2025 9:36 PM",,5798487396,m17fcpa3ddny2p0sfnj8s2afys7r5d7n,0
DND Door Hanger Jellyfish,Order as Needed,FDOT CO,,https://qcausa.monday.com/protected_static/11070499/resources/2202523383/Jelly.jpg,v,1200,0,2025-06-09,B,,1200,,"Pat Boatman Jul 25, 2025 9:36 PM",,5798487159,m17fcpa3ddny2p0sfnj8s2afys7r5d7n,0
DND Door Hanger Manatee,Order as Needed,FDOT CO,,https://qcausa.monday.com/protected_static/11070499/resources/2294811455/Manatee.jpg,v,1200,0,2025-06-09,B,,1200,,"Pat Boatman Jul 25, 2025 9:36 PM",,5798487346,m17fcpa3ddny2p0sfnj8s2afys7r5d7n,0
DND Door Hanger Panther,Order as Needed,FDOT CO,,https://qcausa.monday.com/protected_static/11070499/resources/1369967621/DND%20Panther.JPEG,v,1200,0,2025-06-09,B,,1200,,"Pat Boatman Jul 25, 2025 9:36 PM",,5798487266,m17fcpa3ddny2p0sfnj8s2afys7r5d7n,0
DND Door Hanger Seashell,Order as Needed,FDOT CO,,https://qcausa.monday.com/protected_static/11070499/resources/2202522436/Shell.jpg,v,1200,0,2025-06-09,B,,1200,,"Pat Boatman Jul 25, 2025 9:36 PM",,5798487074,m17fcpa3ddny2p0sfnj8s2afys7r5d7n,0
DND Door Hanger Sunset,Order as Needed,FDOT CO,,https://qcausa.monday.com/protected_static/11070499/resources/1369967916/DND%20Sunset.JPEG,v,,0,2025-06-09,B,,0,,"Pat Boatman Jul 25, 2025 9:36 PM",,5798487214,m17fcpa3ddny2p0sfnj8s2afys7r5d7n,0
TZ Lollipops,Order as Needed,D5 Office,,,,0,0,2023-04-11,,,0,,"Pat Boatman Jun 13, 2025 2:42 PM",,5798487796,m172rrc8vzgde7jxtqmwxc6pj57r5224,0
Pledge Board - ATF,Event Supplies,,,,v,1,0,2023-01-20,Trailer,,1,,"Pat Boatman Jul 21, 2025 11:38 AM",,5798487014,m177jwcth5psrrsnfn94a5jrgh7r4wy7,0
Selfie Board - ATF,Event Supplies,,,,v,2,0,2023-01-20,Trailer,,2,,"Pat Boatman Jul 21, 2025 11:38 AM",,5798486991,m177jwcth5psrrsnfn94a5jrgh7r4wy7,0
"Table Cover - ATF (red/white/blue), 6'",Event Supplies,,,,v,1,0,2023-01-20,,,1,,"Pat Boatman Jul 21, 2025 11:38 AM",,5798487091,m177jwcth5psrrsnfn94a5jrgh7r4wy7,0
Tent - ATF (red/white/blue),Event Supplies,,,,v,1,0,2023-01-20,Trailer,,1,,"Pat Boatman Jul 21, 2025 11:38 AM",,5798487041,m177jwcth5psrrsnfn94a5jrgh7r4wy7,0
"Table Cover - ATF (red/black), 6'",Event Supplies,,,,v,1,0,2023-01-20,,,1,,"Pat Boatman Jul 21, 2025 11:38 AM",,5798487131,m177jwcth5psrrsnfn94a5jrgh7r4wy7,0
Tent - ATF (red/black),Event Supplies,,,,v,1,0,2023-01-20,Trailer,,1,,"Pat Boatman Jul 21, 2025 11:38 AM",,5798487067,m177jwcth5psrrsnfn94a5jrgh7r4wy7,0
Buddy the Remote Control Car,Event Supplies,D5 Office,,,v,1,0,2023-01-20,Dungeon,,1,,"Pat Boatman Jul 21, 2025 11:38 AM",,5798487316,m177jwcth5psrrsnfn94a5jrgh7r4wy7,0
Complete Sound Systems,Event Supplies,D5 Office,,,v,2,0,2023-01-20,,,2,,"Pat Boatman Jul 21, 2025 11:38 AM",,5798487158,m177jwcth5psrrsnfn94a5jrgh7r4wy7,0
"Corn Hole Boards - ""Put it Down""",Event Supplies,D5 Office,,,v,2,0,2023-01-20,,,2,,"Pat Boatman Jul 21, 2025 11:38 AM",,5798487246,m177jwcth5psrrsnfn94a5jrgh7r4wy7,0
Handheld Microphone,Event Supplies,D5 Office,,,v,1,0,2023-01-20,,,1,,"Pat Boatman Jul 21, 2025 11:38 AM",,5798487218,m177jwcth5psrrsnfn94a5jrgh7r4wy7,0
Lavalier Microphones,Event Supplies,D5 Office,,,v,7,0,2023-01-20,,,7,,"Pat Boatman Jul 21, 2025 11:38 AM",,5798487172,m177jwcth5psrrsnfn94a5jrgh7r4wy7,0
Magic Mirror Photobooth,Event Supplies,D5 Office,,,v,1,0,2023-01-20,,,1,,"Pat Boatman Jul 21, 2025 11:38 AM",,5798487273,m177jwcth5psrrsnfn94a5jrgh7r4wy7,0
Retractable Banner 1 - TZ Cool Guy Just Get There Safely,Event Supplies,,,https://qcausa.monday.com/protected_static/11070499/resources/2026612222/Cool%20Guy.jpg,v,3,0,,Trailer,-2,5,,"Desmond Tatilian Jul 30, 2025 12:12 PM",3,8735075311,m177jwcth5psrrsnfn94a5jrgh7r4wy7,0
Retractable Banner 10 - TZ Purple/Orange Target,Event Supplies,,,https://qcausa.monday.com/protected_static/11070499/resources/2026618460/URL.jpg,v,0,0,,Trailer,1,-1,,"Pat Boatman Jul 21, 2025 11:38 AM",0,8736727734,m177jwcth5psrrsnfn94a5jrgh7r4wy7,0
Retractable Banner 11 - FDOT Buckle Up It's the Law,Event Supplies,,,https://qcausa.monday.com/protected_static/11070499/resources/2026618804/IMG_1379%201.jpeg,v,0,0,,Trailer,1,-1,,"QuestAdminAccount Sep 3, 2025 5:48 PM",,8736729232,m177jwcth5psrrsnfn94a5jrgh7r4wy7,0
Retractable Banner 12 - TZ Cool Guy Just Get There Safely,Event Supplies,,,https://qcausa.monday.com/protected_static/11070499/resources/2026619275/Cool%20Guy.jpg,v,0,0,,Trailer,1,-1,,"Desmond Tatilian Sep 3, 2025 5:48 PM",0,8736731266,m177jwcth5psrrsnfn94a5jrgh7r4wy7,0
Retractable Banner 2 - TZ Purple/Orange Target,Event Supplies,,,https://qcausa.monday.com/protected_static/11070499/resources/2026614340/URL.jpg,v,1,0,,Trailer,0,1,,"Desmond Tatilian Jul 29, 2025 3:19 PM",1,8735739713,m177jwcth5psrrsnfn94a5jrgh7r4wy7,0
Retractable Banner 3 - TZ Cool Guy Embrace the Space,Event Supplies,,,https://qcausa.monday.com/protected_static/11070499/resources/2026614687/IMG_1375%20(1).jpeg,v,1,0,,Trailer,0,1,,"Desmond Tatilian Jul 29, 2025 3:19 PM",1,8735780979,m177jwcth5psrrsnfn94a5jrgh7r4wy7,0
Retractable Banner 4 - SADD Avoid Aggressive Driving,Event Supplies,,,https://qcausa.monday.com/protected_static/11070499/resources/2026615307/IMG_1377.jpeg,v,1,0,,Trailer,0,1,,"Pat Boatman Jul 21, 2025 11:38 AM",1,8736718939,m177jwcth5psrrsnfn94a5jrgh7r4wy7,0
Retractable Banner 5 - SADD Stop Speeding,Event Supplies,,,https://qcausa.monday.com/protected_static/11070499/resources/2026615886/IMG_1376.jpeg,v,1,0,,Trailer,,1,,"Pat Boatman Jul 21, 2025 11:38 AM",,8736720339,m177jwcth5psrrsnfn94a5jrgh7r4wy7,0
Retractable Banner 6 - TZ Cool Guy Drive Time,Event Supplies,,,https://qcausa.monday.com/protected_static/11070499/resources/2026616568/IMG_1378.jpeg,v,2,0,,Trailer,-1,3,,"Desmond Tatilian Jul 30, 2025 12:12 PM",2,8736722329,m177jwcth5psrrsnfn94a5jrgh7r4wy7,0
Retractable Banner 7 - TZ Cool Guy Drive Time,Event Supplies,,,https://qcausa.monday.com/protected_static/11070499/resources/2026617296/IMG_1378.jpeg,v,1,0,,Trailer,,1,,"Pat Boatman Jul 21, 2025 11:38 AM",,8736723009,m177jwcth5psrrsnfn94a5jrgh7r4wy7,0
Retractable Banner 8 - TZ Cool Guy Embrace the Space,Event Supplies,,,https://qcausa.monday.com/protected_static/11070499/resources/2026617520/IMG_1375%20(1).jpeg,v,1,0,,Trailer,,1,,"Pat Boatman Jul 21, 2025 11:38 AM",,8736725803,m177jwcth5psrrsnfn94a5jrgh7r4wy7,0
Retractable Banner 9 - TZ Cool Guy Just Get There Safely,Event Supplies,,,https://qcausa.monday.com/protected_static/11070499/resources/2026617848/Cool%20Guy.jpg,v,1,0,,Trailer,,1,,"Pat Boatman Jul 21, 2025 11:38 AM",,8736726832,m177jwcth5psrrsnfn94a5jrgh7r4wy7,0
Retractable Banner - SMFL Mini,Event Supplies,,,https://qcausa.monday.com/protected_static/11070499/resources/2026642222/Image%20(22).jpg,v,3,0,2023-11-09,B,,3,,"Pat Boatman Jul 25, 2025 9:36 PM",,5798487168,m177jwcth5psrrsnfn94a5jrgh7r4wy7,0
Table Cover - SMFL,Event Supplies,,,https://qcausa.monday.com/protected_static/11070499/resources/1370617890/SMFL%20Tablecloth.JPEG,v,1,0,2023-11-09,,,1,,"Pat Boatman Jul 21, 2025 11:38 AM",,5798487153,m177jwcth5psrrsnfn94a5jrgh7r4wy7,0
Table - 4',Event Supplies,D5 Office,,https://qcausa.monday.com/protected_static/11070499/resources/1322189891/download.jpg,v,2,0,2023-01-20,Trailer,1,1,,"Desmond Tatilian Sep 3, 2025 2:20 PM",2,5798486851,m177jwcth5psrrsnfn94a5jrgh7r4wy7,0
Table - 6',Event Supplies,,,,v,3,0,2023-12-13,Trailer,0,3,,"Desmond Tatilian Sep 3, 2025 4:00 PM",3,5798487339,m177jwcth5psrrsnfn94a5jrgh7r4wy7,0
Pledge Board - TZ,Event Supplies,FDOT CO,,,v,2,0,2022-01-23,Trailer,,2,,"Pat Boatman Jul 21, 2025 11:38 AM",,5798486870,m177jwcth5psrrsnfn94a5jrgh7r4wy7,0
Selfie Board - TZ,Event Supplies,FDOT CO,,,v,5,0,2022-01-15,Trailer,1,4,,"Desmond Tatilian Sep 3, 2025 5:49 PM",5,5798486849,m177jwcth5psrrsnfn94a5jrgh7r4wy7,0
Table Cover - TZ 6',Event Supplies,FDOT CO,,,v,2,0,2023-01-20,A,-1,3,,"Desmond Tatilian Sep 3, 2025 12:25 PM",2,5798486921,m177jwcth5psrrsnfn94a5jrgh7r4wy7,0
Table Cover - TZ 8',Event Supplies,FDOT CO,,,v,3,0,2023-01-20,A,0,3,,"Desmond Tatilian Sep 3, 2025 12:23 PM",3,5798486892,m177jwcth5psrrsnfn94a5jrgh7r4wy7,0
Tent 1 - TZ,Event Supplies,FDOT CO,,,v,2,0,2023-12-13,Trailer,0,2,,"Desmond Tatilian Sep 3, 2025 1:52 PM",2,5798486896,m177jwcth5psrrsnfn94a5jrgh7r4wy7,0
Tent 2 - TZ,Event Supplies,,,,v,2,0,,Trailer,0,2,,"Desmond Tatilian Sep 3, 2025 4:00 PM",2,8737014235,m177jwcth5psrrsnfn94a5jrgh7r4wy7,0
Tent 3 - TZ,Event Supplies,,,,v,0,0,,Trailer,,0,,"Pat Boatman Jul 21, 2025 11:37 AM",,8737014796,m177jwcth5psrrsnfn94a5jrgh7r4wy7,0
Backdrop - TZ Purple/Orange,Event Supplies,FDOT CO,,,v,0,0,2023-01-20,C,1,-1,,"Pat Boatman Jul 21, 2025 11:37 AM",0,5798486925,m177jwcth5psrrsnfn94a5jrgh7r4wy7,0
"Yard Sign - ""Put It Down""",Order as Needed,D5 Office,,https://qcausa.monday.com/protected_static/11070499/resources/1384212143/Put%20it%20Down.jpg,v,929,100,2024-04-02,D,,829,,"Pat Boatman Jul 21, 2025 11:37 AM",,6375261692,m177jwcth5psrrsnfn94a5jrgh7r4wy7,0
Yard Sign - RS Watch for Motorcycles,Staple Item,,,https://qcausa.monday.com/protected_static/11070499/resources/2026628687/Image%20(21).jpg,v,900,100,,Dungeon,,800,,"Pat Boatman Jul 21, 2025 11:37 AM",,8736967758,m177jwcth5psrrsnfn94a5jrgh7r4wy7,0
Yard Sign Stakes,Staple Item,D5 Office,,https://qcausa.monday.com/protected_static/11070499/resources/1384211561/Yard%20Sign%20Stakes.jpg,v,933,100,2024-04-02,D,,833,,"Pat Boatman Jul 21, 2025 11:37 AM",,6375212928,m177jwcth5psrrsnfn94a5jrgh7r4wy7,0
Backdrop - TZ Logos,Event Supplies,,,,v,1,0,,C,0,1,,"Desmond Tatilian Sep 3, 2025 1:12 PM",1,8737394991,m177jwcth5psrrsnfn94a5jrgh7r4wy7,0
Tent - Unbranded (blue),Order as Needed,,,,v,,0,,Trailer,,0,,"Pat Boatman Jul 21, 2025 11:37 AM",,8937353670,m177jwcth5psrrsnfn94a5jrgh7r4wy7,0
L-Frame Driver Safety Quiz Cards,Order as Needed,,,https://qcausa.monday.com/protected_static/11070499/resources/2300427806/TZ%20Quiz%20Cards.jpg,v,4,0,,A,0,4,,"Desmond Tatilian Sep 3, 2025 12:25 PM",4,9634844995,m177jwcth5psrrsnfn94a5jrgh7r4wy7,0
Alert Today Red First Aid Baggies with Clip,Order as Needed,D5 Office,,,,0,0,2023-10-26,,,0,,"Pat Boatman Jul 17, 2025 11:55 AM",,5798487460,m1779w6prp56chpp6qy7fzjbvs7r56e1,0
"Alert Today Red First Aid Box ""Safety Doesn't Happen By Accident""",Order as Needed,D5 Office,,,,0,0,2023-10-26,,,0,,"Pat Boatman Jun 13, 2025 2:42 PM",,5798487112,m1779w6prp56chpp6qy7fzjbvs7r56e1,0
CTST First Aid Kit,Order as Needed,,,https://qcausa.monday.com/protected_static/11070499/resources/2294821400/CTST%20Kit.jpg,,50,0,,,,50,,"Pat Boatman Jul 17, 2025 11:57 AM",,8734700653,m1779w6prp56chpp6qy7fzjbvs7r56e1,0
TZ First Aid Kits BOX (purple with the white logo),Staple Item,D5 Office,,https://qcausa.monday.com/protected_static/11070499/resources/1370638625/TZ%20First%20Aid%20Kits%20Clear%20Bag.JPEG,v,992,1000,2025-07-10,C,938,-946,,"Desmond Tatilian Sep 3, 2025 1:51 PM",-8,5798486941,m1779w6prp56chpp6qy7fzjbvs7r56e1,0
FH- Health Benefits of Walking Card,Order as Needed,D5 Office,,https://qcausa.monday.com/protected_static/11070499/resources/1369972710/Health%20Benefits%20of%20Walking%20Card.JPEG,,93,0,,B,-50,143,,"Desmond Tatilian Jul 30, 2025 12:12 PM",93,5798487539,m178zsn2yt4k6jt01es559ndj17r41f1,0
L Helmet,Staple Item,,,,v,126,60,2025-09-23,Kepler Warehouse,50,16,,"Jessica Caudillo-Román Sep 23, 2025 12:37 PM",66,7123631395,m1783eys5y3n1r99tp5rgmzdm97r5bnh,0
M Helmet,Staple Item,,,,v,62,60,2025-09-23,Kepler Warehouse,88,-86,,"Jessica Caudillo-Román Sep 23, 2025 12:37 PM",2,7123631915,m1783eys5y3n1r99tp5rgmzdm97r5bnh,0
S Helmet,Staple Item,,,,v,4,60,2025-09-23,Kepler Warehouse,62,-118,,"Jessica Caudillo-Román Sep 23, 2025 12:37 PM",-56,7123632393,m1783eys5y3n1r99tp5rgmzdm97r5bnh,0
Toddler Helmet,Staple Item,,,,v,219,60,2025-09-23,Kepler Warehouse,34,125,,"Jessica Caudillo-Román Sep 23, 2025 12:37 PM",159,7123634624,m1783eys5y3n1r99tp5rgmzdm97r5bnh,0
XL Helmet,Staple Item,,,,v,190,60,2025-09-23,Kepler Warehouse,37,93,,"Jessica Caudillo-Román Sep 23, 2025 12:37 PM",130,7123630643,m1783eys5y3n1r99tp5rgmzdm97r5bnh,0
Move Over for Bicyclists! Magnet,Order as Needed,D5 Office,,,,0,0,2024-08-14,,,0,,"Pat Boatman Jun 13, 2025 2:42 PM",,5798487029,m175vr8tpddabb172ncrpkk6kd7r5s5y,0
CTST Magnets,Order as Needed,,,,v,0,0,,,,0,,"Pat Boatman Jul 17, 2025 11:58 AM",,8734661081,m175vr8tpddabb172ncrpkk6kd7r5s5y,0
ATAT Lanyards,Order as Needed,,,https://qcausa.monday.com/protected_static/11070499/resources/2265171277/ATAF%20Lanyard.jpg,v,600,0,2025-05-30,C,,600,,"Pat Boatman Jul 25, 2025 9:37 PM",600,9139576071,m175m351smz1yqnzfffj6j3mkd7r5rc5,0
Alert Today Alive Tomorrow Fan,Order as Needed,D5 Office,,https://qcausa.monday.com/protected_static/11070499/resources/1369957302/Alert%20Today%20Alive%20Tomorrow%20Fan.JPEG,v,49,0,2025-07-31,C,,49,,"Pat Boatman Jul 31, 2025 1:19 PM",,5798487162,m175m351smz1yqnzfffj6j3mkd7r5rc5,0
FDOT/TZ Golf Balls,Order as Needed,,,,,0,0,,,,0,,"Pat Boatman Jul 25, 2025 9:37 PM",,7706974661,m175m351smz1yqnzfffj6j3mkd7r5rc5,0
Heads Up for Safety Enamel Pin,Order as Needed,,,https://qcausa.monday.com/protected_static/11070499/resources/1384306373/IMG_3685.JPG,,0,0,2024-04-02,,,0,,"Pat Boatman Jul 25, 2025 9:37 PM",,6375577037,m175m351smz1yqnzfffj6j3mkd7r5rc5,0
Heart Shaped Alert Today Alive Tomorow Fan,Order as Needed,,,https://qcausa.monday.com/protected_static/11070499/resources/2201604199/ATAT%20Fan.jpg,v,909,0,2025-07-31,C,,909,,"Pat Boatman Jul 31, 2025 1:19 PM",,7498227381,m175m351smz1yqnzfffj6j3mkd7r5rc5,0
Purple Fidget Spinner,Staple Item,,,,v,480,250,2025-07-29,,,230,,"Pat Boatman Jul 29, 2025 2:39 PM",230,7888055563,m175m351smz1yqnzfffj6j3mkd7r5rc5,0
Purple Koozies/can Holder,Order as Needed,,,,,0,0,,,,0,,"Pat Boatman Jul 17, 2025 11:58 AM",,7707315930,m175m351smz1yqnzfffj6j3mkd7r5rc5,0
Ride SMART Gear Up For Safety Poster,Order as Needed,,,"https://qcausa.monday.com/protected_static/11070499/resources/1629822609/Image%20(40).jpg, https://qcausa.monday.com/protected_static/11070499/resources/1629822608/Image%20(39).jpg",,0,0,,,,0,,"Pat Boatman Jun 13, 2025 2:42 PM",,6950320520,m175m351smz1yqnzfffj6j3mkd7r5rc5,0
Ride SMART Lip Balm/Sunscreen,Order as Needed,,,https://qcausa.monday.com/protected_static/11070499/resources/1629826005/Image%20(43).jpg,,0,0,,,,0,,"Pat Boatman Jul 25, 2025 9:37 PM",,7225381338,m175m351smz1yqnzfffj6j3mkd7r5rc5,0
SR2S Keychains,Staple Item,FDOT CO,Needs Restock,,v,0,200,2025-06-27,,,-200,,"Pat Boatman Jun 27, 2025 2:53 PM",,5798486967,m175m351smz1yqnzfffj6j3mkd7r5rc5,0
Share the Road Bike Plate (SR2S),Order as Needed,FDOT CO,,,,0,0,2023-03-29,,,0,,"Pat Boatman Jun 13, 2025 2:42 PM",,5798487652,m175m351smz1yqnzfffj6j3mkd7r5rc5,0
Shower Caps for Helmet Fittings,Order as Needed,,,,,1000,0,,A,,1000,,"Pat Boatman Jul 25, 2025 9:37 PM",,7498231264,m175m351smz1yqnzfffj6j3mkd7r5rc5,0
"SR2S- ""I'm a Fan of Walking"" Fan",Order as Needed,D5 Office,,https://qcausa.monday.com/protected_static/11070499/resources/1370626710/SR2S-Im%20a%20fan%20of%20walking%20Fan.JPEG,,10,0,2024-08-14,C,,10,,"Pat Boatman Jul 25, 2025 9:37 PM",,5798487042,m175m351smz1yqnzfffj6j3mkd7r5rc5,0
Stop on Red Fan,Order as Needed,,,https://qcausa.monday.com/protected_static/11070499/resources/2324502619/Red%20fans.jpg,v,1125,0,2025-07-31,C,,1125,,"Pat Boatman Jul 31, 2025 1:18 PM",1125,7498220977,m175m351smz1yqnzfffj6j3mkd7r5rc5,0
Stress Ball - Green Baseball,Staple Item,,,https://qcausa.monday.com/protected_static/11070499/resources/1629829171/Image%20(44).jpg,v,3000,300,2025-07-31,"Trailer, D",730,1970,,"Pat Boatman Jul 31, 2025 8:57 AM",2700,7252097799,m175m351smz1yqnzfffj6j3mkd7r5rc5,0
Stress Ball - Purple Heart,Staple Item,,,https://qcausa.monday.com/protected_static/11070499/resources/2026688014/Image%20(25).jpg,v,0,250,2025-06-27,C,200,-450,,"Pat Boatman Jul 25, 2025 9:38 PM",-250,7706970686,m175m351smz1yqnzfffj6j3mkd7r5rc5,0
Stress Ball - Traffic Light,Staple Item,D5 Office,,https://qcausa.monday.com/protected_static/11070499/resources/1384269747/traffic%20light%20stress%20balls.jpg,v,1221,500,2025-07-29,C,29,692,,"Desmond Tatilian Sep 3, 2025 1:51 PM",721,6252954281,m175m351smz1yqnzfffj6j3mkd7r5rc5,0
Target Zero Pencils (blue),Order as Needed,D5 Office,,https://qcausa.monday.com/protected_static/11070499/resources/1370634031/Target%20Zero%20Pencils.JPEG,,0,0,2025-07-15,Kepler Warehouse,,0,,"Pat Boatman Jul 17, 2025 10:51 AM",0,5798487225,m175m351smz1yqnzfffj6j3mkd7r5rc5,0
TZ Cooling Towels (Black),Staple Item,FDOT CO,,https://qcausa.monday.com/protected_static/11070499/resources/1629823767/Image%20(41).jpg,v,400,200,2025-09-03,C,108,92,,"Pat Boatman Sep 3, 2025 1:42 PM",200,7000650637,m175m351smz1yqnzfffj6j3mkd7r5rc5,0
TZ Cooling Towels (Orange),Staple Item,FDOT CO,Needs Restock,https://qcausa.monday.com/protected_static/11070499/resources/1384223520/IMG_3680.JPG,v,0,500,2025-06-27,C,,-500,,"Pat Boatman Jul 25, 2025 9:38 PM",-500,5798486893,m175m351smz1yqnzfffj6j3mkd7r5rc5,0
TZ Floating Key Chains,Staple Item,FDOT CO,Needs Restock,,v,0,200,2023-10-26,,,-200,,"Pat Boatman Jun 13, 2025 2:42 PM",,5798486853,m175m351smz1yqnzfffj6j3mkd7r5rc5,0
TZ Tumbler,Staple Item,D5 Office,,https://qcausa.monday.com/protected_static/11070499/resources/1384109843/TZ%20Tumbler.jpg,v,516,150,2025-07-10,C,,366,,"Pat Boatman Jul 25, 2025 9:38 PM",366,6374822125,m175m351smz1yqnzfffj6j3mkd7r5rc5,0
Water Bottle Labels,Staple Item,,Needs Restock,https://qcausa.monday.com/protected_static/11070499/resources/1629829443/Image%20(45).jpg,v,192,200,2025-07-10,B,,-8,,"Pat Boatman Jul 25, 2025 9:38 PM",-8,7252884192,m175m351smz1yqnzfffj6j3mkd7r5rc5,0
Water Bottles - TZ Purple,Staple Item,FDOT CO,,https://qcausa.monday.com/protected_static/11070499/resources/2026715706/Image%20(26).jpg,v,1000,300,2025-07-10,C,229,471,,"Desmond Tatilian Sep 2, 2025 4:11 PM",700,5798486866,m175m351smz1yqnzfffj6j3mkd7r5rc5,0
TZ Glasses Cleaner Microfiber Cloths,Order as Needed,,,https://qcausa.monday.com/protected_static/11070499/resources/2294832429/TZ.jpg,v,270,0,2025-05-19,C,230,40,,"Pat Boatman Jul 25, 2025 9:38 PM",270,9139534207,m175m351smz1yqnzfffj6j3mkd7r5rc5,0
TZ Rubber Ducks,Order as Needed,,,https://qcausa.monday.com/protected_static/11070499/resources/2294833142/R%20Ducks.jpg,v,1500,0,2025-07-17,C,0,1500,,"Pat Boatman Jul 25, 2025 9:38 PM",1500,9220741206,m175m351smz1yqnzfffj6j3mkd7r5rc5,0
Alert Today Alive Tomorrow Heart Screen Cleaner,Order as Needed,,,https://qcausa.monday.com/protected_static/11070499/resources/2201621967/ATAT%20Heart%20Cleaner.jpg,v,950,50,2025-06-12,B,50,850,,"Pat Boatman Jul 25, 2025 9:38 PM",900,9361825433,m175m351smz1yqnzfffj6j3mkd7r5rc5,0
2055 FL Transportation Plan Notepads,Order as Needed,,,https://qcausa.monday.com/protected_static/11070499/resources/2202147364/NP.jpg,v,24,0,2025-07-17,B,,24,,"Pat Boatman Jul 25, 2025 9:38 PM",,9363544688,m175m351smz1yqnzfffj6j3mkd7r5rc5,0
SMFL Lanyard,Order as Needed,,,https://qcausa.monday.com/protected_static/11070499/resources/2265162427/SMFL%20Lanyard.jpg,v,50,0,2025-07-02,C,,50,,"Pat Boatman Jul 25, 2025 9:38 PM",50,9504999196,m175m351smz1yqnzfffj6j3mkd7r5rc5,0
Target Zero Pencils (Teal),Order as Needed,,,https://qcausa.monday.com/protected_static/11070499/resources/2288982000/TZ%20Pencils.jpg,v,2910,0,2025-07-15,C,2090,820,,"Desmond Tatilian Sep 3, 2025 3:59 PM",2910,9592130257,m175m351smz1yqnzfffj6j3mkd7r5rc5,0
Straw Topper,Order as Needed,,,,v,,0,2025-09-03,B,,0,,"Pat Boatman Sep 3, 2025 1:32 PM",,9964731525,m175m351smz1yqnzfffj6j3mkd7r5rc5,0
Child Passenger Safety Card,Order as Needed,D5 Office,,https://qcausa.monday.com/protected_static/11070499/resources/1384218071/Image%20(24).jpg,,1,0,2024-08-14,B,,1,,"Pat Boatman Jul 25, 2025 9:38 PM",,5798487361,m174r3q5g85n440rb66wykeh497r5yka,0
Drive Time =You Time Card,Order as Needed,D5 Office,,https://qcausa.monday.com/protected_static/11070499/resources/1369968398/Drive%20time%20_%20you%20time.JPEG,,41,0,2024-08-14,B,,41,,"Pat Boatman Jul 25, 2025 9:38 PM",,5798487438,m174r3q5g85n440rb66wykeh497r5yka,0
Know the Difference- Electric Bicycle & More,Order as Needed,,,https://qcausa.monday.com/protected_static/11070499/resources/1629466155/Image%20(7).jpg,,1390,0,,B,,1390,,"Pat Boatman Jul 25, 2025 9:39 PM",,6951106558,m174r3q5g85n440rb66wykeh497r5yka,0
Stop Speeding Before it Stops You Card,Order as Needed,FDOT CO,,https://qcausa.monday.com/protected_static/11070499/resources/1370632804/Stop%20Speeding%20Tip%20Card.JPEG,,0,0,2023-03-29,B,,0,,"Pat Boatman Jul 25, 2025 9:39 PM",,5798487402,m174r3q5g85n440rb66wykeh497r5yka,0
Work Zone Safety Tip Cards,Order as Needed,,,,,26,0,,B,,26,,"Pat Boatman Jul 25, 2025 9:39 PM",,8735603438,m174r3q5g85n440rb66wykeh497r5yka,0
2055 FL Transportation Plan Tip Cards,Order as Needed,,,https://qcausa.monday.com/protected_static/11070499/resources/2202159252/TC.jpg,v,300,0,2025-06-12,B,,300,,"Pat Boatman Jul 25, 2025 9:39 PM",,9363603425,m174r3q5g85n440rb66wykeh497r5yka,0
FLHSMV Move Over Cards,Order as Needed,,,https://qcausa.monday.com/protected_static/11070499/resources/2300388152/FLHSMV%20TC.jpg,v,4000,0,,B,,4000,,"Pat Boatman Jul 25, 2025 9:39 PM",4000,9634700246,m174r3q5g85n440rb66wykeh497r5yka,0
Can You See Me Now? Alert Tonight Florida Pledge Card,Order as Needed,D5 Office,,https://qcausa.monday.com/protected_static/11070499/resources/1369964954/Can%20You%20See%20Me%20Now%20Alert%20Tonight%20Florida%20Pledge%20Card.JPEG,,100,0,,B,,100,,"Pat Boatman Jul 25, 2025 9:39 PM",,5798487288,m17cn0t7jv9930gmt6en8fezpx7r4xyk,0
Don't Text Pocket Pledge Card (CTST),Order as Needed,FDOT CO,,,,0,0,2023-03-17,B,,0,,"Pat Boatman Jul 25, 2025 9:39 PM",,5798487448,m17cn0t7jv9930gmt6en8fezpx7r4xyk,0
Every Bicyclist and Pedestrian Pledge Card - Alert Today,Order as Needed,,,https://qcausa.monday.com/protected_static/11070499/resources/1629745211/Image%20(29).jpg,,1057,,,B,,1057,,"Pat Boatman Jul 25, 2025 9:39 PM",,6263138022,m17cn0t7jv9930gmt6en8fezpx7r4xyk,0
Recipes for the Road  Mushroom Bisque,Staple Item,FDOT CO,Needs Restock,https://qcausa.monday.com/protected_static/11070499/resources/1629400783/Image%20(3).jpg,v,10,200,2025-07-10,B,,-190,,"Pat Boatman Jul 25, 2025 9:39 PM",,6855853580,m17d8bqt38yjg7ztbgfat2m2757r4fxq,0
"Recipes for the Road - Escarole, Tomato, & White Bean Soup",Staple Item,FDOT CO,Needs Restock,https://qcausa.monday.com/protected_static/11070499/resources/1629401864/Image%20(1).jpg,v,500,200,2025-07-10,B,,300,,"Pat Boatman Jul 25, 2025 9:39 PM",,6855842441,m17d8bqt38yjg7ztbgfat2m2757r4fxq,0
Recipes for the Road - Strawberry & Citrus Shortcake,Staple Item,FDOT CO,Needs Restock,https://qcausa.monday.com/protected_static/11070499/resources/1629393612/Image.jpg,v,0,200,2025-07-10,B,,-200,,"Pat Boatman Jul 25, 2025 9:39 PM",,6855849447,m17d8bqt38yjg7ztbgfat2m2757r4fxq,0
Recipes for the Road - Strawberry French Toast,Staple Item,FDOT CO,Needs Restock,https://qcausa.monday.com/protected_static/11070499/resources/1629398187/Image%20(2).jpg,v,500,200,2025-07-10,B,,300,,"Pat Boatman Jul 25, 2025 9:39 PM",,6855804305,m17d8bqt38yjg7ztbgfat2m2757r4fxq,0
Recipes for the Road- Broiled Florida Oysters,Staple Item,FDOT CO,,https://qcausa.monday.com/protected_static/11070499/resources/1369979871/Recipes%20for%20the%20Road-Broiled%20Florida%20Oysters.JPEG,v,1190,200,2025-07-10,B,310,680,,"Desmond Tatilian Sep 3, 2025 5:49 PM",990,6261838769,m17d8bqt38yjg7ztbgfat2m2757r4fxq,0
Recipes for the Road- Florida Tomato and Sweet Pepper Soup,Staple Item,FDOT CO,,https://qcausa.monday.com/protected_static/11070499/resources/1383698940/Image%20(3).jpg,v,1010,200,2025-07-10,B,-42,852,,"Desmond Tatilian Jul 30, 2025 12:12 PM",810,6373198786,m17d8bqt38yjg7ztbgfat2m2757r4fxq,0
Recipes for the Road- Holiday Coquito,Staple Item,FDOT CO,,https://qcausa.monday.com/protected_static/11070499/resources/1370607864/Recipes%20for%20the%20Road-Easy%20Holiday%20Coquito.JPEG,v,280,200,2025-07-10,B,,80,,"Pat Boatman Jul 25, 2025 9:39 PM",,6262258912,m17d8bqt38yjg7ztbgfat2m2757r4fxq,0
Recipes for the Road- Stuffed Florida Zucchini and Yellow Squash Parmesan,Staple Item,FDOT CO,,https://qcausa.monday.com/protected_static/11070499/resources/1383685634/Image.jpg,v,1197,200,2025-07-10,B,,997,,"Pat Boatman Jul 25, 2025 9:39 PM",,6373128013,m17d8bqt38yjg7ztbgfat2m2757r4fxq,0
Recipes for the Road-Avocado and Mango Salad,Staple Item,FDOT CO,,https://qcausa.monday.com/protected_static/11070499/resources/1369978604/Recipes%20for%20the%20Road-Avocado%20and%20Mango%20Salad.JPEG,v,900,200,2025-07-10,B,200,500,,"Pat Boatman Jul 25, 2025 9:39 PM",700,5798487618,m17d8bqt38yjg7ztbgfat2m2757r4fxq,0
Recipes for the Road-Blueberry and Spinach Smoothie,Staple Item,FDOT CO,Needs Restock,https://qcausa.monday.com/protected_static/11070499/resources/1369979275/Recipes%20for%20the%20Road-Blueberry%20and%20Spinach%20Smoothie.JPEG,v,1600,200,2025-07-10,B,,1400,,"Pat Boatman Jul 25, 2025 9:39 PM",,5798487517,m17d8bqt38yjg7ztbgfat2m2757r4fxq,0
Recipes for the Road-Cheesy Baked Florida Tomatoes,Staple Item,FDOT CO,,https://qcausa.monday.com/protected_static/11070499/resources/1369980101/Recipes%20for%20the%20Road-Cheesy%20Baked%20Florida%20Tomatoes.JPEG,v,530,200,2025-07-10,B,,330,,"Pat Boatman Jul 25, 2025 9:39 PM",,5798487475,m17d8bqt38yjg7ztbgfat2m2757r4fxq,0
Recipes for the Road-Florida Grouper,Staple Item,FDOT CO,,https://qcausa.monday.com/protected_static/11070499/resources/2294852249/Grouper.jpg,v,1195,200,2025-07-10,B,-45,1040,,"Desmond Tatilian Jul 30, 2025 12:12 PM",995,5798487496,m17d8bqt38yjg7ztbgfat2m2757r4fxq,0
Recipes for the Road-Florida Shrimp,Staple Item,FDOT CO,,https://qcausa.monday.com/protected_static/11070499/resources/1370608424/Recipes%20for%20the%20Road-Florida%20Shrimp.JPEG,v,1000,200,2025-07-10,B,20,780,,"Desmond Tatilian Sep 3, 2025 1:52 PM",800,5798487595,m17d8bqt38yjg7ztbgfat2m2757r4fxq,0
Recipes for the Road-Florida Sweet Pepper and Chicken Street Taco,Staple Item,FDOT CO,Needs Restock,https://qcausa.monday.com/protected_static/11070499/resources/1370610064/Recipes%20for%20the%20Road-Florida%20Sweet%20Pepper.JPEG,v,1275,200,2025-07-10,B,,1075,,"Pat Boatman Jul 25, 2025 9:39 PM",,5798487457,m17d8bqt38yjg7ztbgfat2m2757r4fxq,0
Recipes for the Road-Roasted Florida Snapper,Staple Item,FDOT CO,,,v,1089,200,2025-07-10,B,,889,,"Pat Boatman Jul 25, 2025 9:39 PM",,5798487565,m17d8bqt38yjg7ztbgfat2m2757r4fxq,0
Recipes for the Road-Steve's Carne Asada,Staple Item,FDOT CO,Needs Restock,https://qcausa.monday.com/protected_static/11070499/resources/1370610513/Recipes%20for%20the%20Road-Steves%20Carne%20Asada.JPEG,v,105,200,2025-07-10,B,10,-105,,"Desmond Tatilian Sep 3, 2025 1:52 PM",-95,6261106302,m17d8bqt38yjg7ztbgfat2m2757r4fxq,0
Recipes for the Road-Sweet Corn and Ricotta,Staple Item,FDOT CO,,https://qcausa.monday.com/protected_static/11070499/resources/2294853356/Fritters.jpg,v,1200,200,2025-07-10,B,,1000,,"Pat Boatman Jul 25, 2025 9:39 PM",,6261113277,m17d8bqt38yjg7ztbgfat2m2757r4fxq,0
Recipes for the Road-Vegetable and Garden Wraps,Staple Item,FDOT CO,,https://qcausa.monday.com/protected_static/11070499/resources/1370610926/Recipes%20for%20the%20Road-Vegetable%20Garden%20Wraps.JPEG,v,1460,200,2025-07-10,B,510,750,,"Desmond Tatilian Sep 3, 2025 1:52 PM",1260,5798487543,m17d8bqt38yjg7ztbgfat2m2757r4fxq,0
Recipes for the Road - Crispy Florida Vegetable Garden Wraps,Staple Item,,,,v,0,200,2025-07-10,B,230,-430,,"Pat Boatman Jul 25, 2025 9:39 PM",-200,9139405662,m17d8bqt38yjg7ztbgfat2m2757r4fxq,0
RS- Watch For Motorcycles Card,Order as Needed,,,https://qcausa.monday.com/protected_static/11070499/resources/1629523766/Image%20(12).jpg,,-419,0,2024-08-14,,,-419,,"Pat Boatman Jun 13, 2025 2:42 PM",,7226596136,m17af7arerpr9rbntafjxbvnv17r4wvj,0
RS- When We Scoot Card,Order as Needed,D5 Office,,https://qcausa.monday.com/protected_static/11070499/resources/1629519125/Image%20(11).jpg,,100,0,,,100,0,,"Desmond Tatilian Jul 21, 2025 12:18 PM",100,6436992675,m17af7arerpr9rbntafjxbvnv17r4wvj,0
SMFL- Countdown Pedestrian Signals - Flashing Yellow Light,Order as Needed,D5 Office,,https://qcausa.monday.com/protected_static/11070499/resources/1369966399/Countdown%20Pedestrian%20Signals.JPEG,,427,0,2023-10-26,,,427,,"Pat Boatman Jun 13, 2025 2:42 PM",,5798487258,m172w2v2n64pr040pt49tvy9j17r46x9,0
SMFL- How to Use Find a Ride Card (English),Order as Needed,D5 Office,,https://qcausa.monday.com/protected_static/11070499/resources/1629429798/Image%20(5).jpg,,50,0,2023-11-09,,,50,,"Pat Boatman Jun 13, 2025 2:42 PM",,5798487397,m172w2v2n64pr040pt49tvy9j17r46x9,0
SMFL- How to Use Find a Ride Card (Spanish),Order as Needed,D5 Office,,https://qcausa.monday.com/protected_static/11070499/resources/1369969321/Find%20a%20Ride%20Tip%20Cards-Span.JPEG,,25,0,2023-11-09,,,25,,"Pat Boatman Jun 13, 2025 2:42 PM",,5798487439,m172w2v2n64pr040pt49tvy9j17r46x9,0
SMFL- Turning Right on Red Card,Order as Needed,D5 Office,,https://qcausa.monday.com/protected_static/11070499/resources/1370635968/Turning%20Right%20on%20Red%20Info%20Card.JPEG,,420,0,2023-10-26,,,420,,"Pat Boatman Jun 13, 2025 2:42 PM",,5798487204,m172w2v2n64pr040pt49tvy9j17r46x9,0
SMFL- Wrong Way Driving on the Interstate Card,Order as Needed,D5 Office,,https://qcausa.monday.com/protected_static/11070499/resources/1384117343/Image%20(13).jpg,,4500,0,2024-04-02,,,4500,,"Pat Boatman Jun 13, 2025 2:42 PM",,5798487899,m172w2v2n64pr040pt49tvy9j17r46x9,0
Spanish Guides,Order as Needed,,,https://qcausa.monday.com/protected_static/11070499/resources/2300446629/S%20Guides.jpg,,-400,0,2023-11-09,,500,-900,,"Pat Boatman Jul 21, 2025 11:44 AM",-400,5798487495,m172w2v2n64pr040pt49tvy9j17r46x9,0
Transportation Checklists,Order as Needed,,,https://qcausa.monday.com/protected_static/11070499/resources/1370635103/Transportation%20Checklists.JPEG,,500,0,2023-11-15,,,500,,"Pat Boatman Jun 13, 2025 2:42 PM",,5798487515,m172w2v2n64pr040pt49tvy9j17r46x9,0
SR2S- Learn About Accessibility Large Card,Order as Needed,D5 Office,,https://qcausa.monday.com/protected_static/11070499/resources/1370627524/SR2S-Learn%20About%20Accessibility%20Large%20Card.JPEG,v,0,0,2025-07-21,B,220,-220,,"Pat Boatman Jul 25, 2025 9:40 PM",0,5798487081,m17bc6qnne3g0gswr9qt5sm82d7r52ak,0
SR2S- Let's Get Back to School Safely (Spanish),Order as Needed,D5 Office,,,v,0,0,2025-07-21,B,,0,,"Pat Boatman Jul 25, 2025 9:40 PM",,7029147396,m17bc6qnne3g0gswr9qt5sm82d7r52ak,0
SR2S- Let's Get Back to School Safely Card,Order as Needed,D5 Office,,https://qcausa.monday.com/protected_static/11070499/resources/1370614014/Safe%20Routes%20to%20School-Lets%20Get%20Back%20to%20School%20Safely.JPEG,v,5010,0,2025-07-21,B,,5010,,"Pat Boatman Jul 25, 2025 9:40 PM",,5798487279,m17bc6qnne3g0gswr9qt5sm82d7r52ak,0
SR2S- Metro's Guide to School Bus Safety Card,Order as Needed,D5 Office,,https://qcausa.monday.com/protected_static/11070499/resources/1370629173/SR2S-Metros%20Guide%20to%20School%20Bus%20Safety.JPEG,v,499,0,2025-07-21,B,1670,-1171,,"Pat Boatman Jul 25, 2025 9:40 PM",499,5798487307,m17bc6qnne3g0gswr9qt5sm82d7r52ak,0
SR2S- Ryder Bicycle Hand Signals Card,Order as Needed,D5 Office,,https://qcausa.monday.com/protected_static/11070499/resources/1370612966/Safe%20Routes%20to%20School%20-%20Bicycle%20Hand%20Signals%20Card.JPEG,v,1446,0,2025-07-21,B,,1446,,"Pat Boatman Jul 25, 2025 9:40 PM",,5798486846,m17bc6qnne3g0gswr9qt5sm82d7r52ak,0
SR2S-Know How to Cross Safely Card,Order as Needed,D5 Office,,,v,0,0,2025-07-21,B,,0,,"Pat Boatman Jul 25, 2025 9:40 PM",,5798487248,m17bc6qnne3g0gswr9qt5sm82d7r52ak,0
SR2S-Superhero Safety Squad Card,Order as Needed,,,https://qcausa.monday.com/protected_static/11070499/resources/2300378896/SS%20TC.jpg,v,,0,2025-07-21,B,,0,,"Pat Boatman Jul 25, 2025 9:40 PM",,9634679668,m17bc6qnne3g0gswr9qt5sm82d7r52ak,0
SR2S-Metro Safety Tip Card,Order as Needed,,,https://qcausa.monday.com/protected_static/11070499/resources/2300426374/Metro%20TC.jpg,v,900,0,2025-07-21,B,100,800,,"Desmond Tatilian Sep 3, 2025 3:59 PM",900,9634714845,m17bc6qnne3g0gswr9qt5sm82d7r52ak,0
Alert Today Alive Tomorrow Heart Sticker,Order as Needed,,,https://qcausa.monday.com/protected_static/11070499/resources/1629724084/Image%20(23).jpg,,510,0,,B,,510,,"Pat Boatman Jul 25, 2025 9:40 PM",,7252870734,m17dawvq322r137p4p816w4vt57r5ge8,0
Alert Today Alive Tomorrow Round Sticker,Order as Needed,,,https://qcausa.monday.com/protected_static/11070499/resources/1629725668/Image%20(24).jpg,,310,0,,B,,310,,"Pat Boatman Jul 25, 2025 9:40 PM",,7252873936,m17dawvq322r137p4p816w4vt57r5ge8,0
Keep your Brain in Place,Order as Needed,,,https://qcausa.monday.com/protected_static/11070499/resources/1629726443/Image%20(25).jpg,,0,0,,,,0,,"Pat Boatman Jun 13, 2025 2:42 PM",,6375649114,m17dawvq322r137p4p816w4vt57r5ge8,0
Move Over for Stopped Emergency Vehicles,Order as Needed,,,https://qcausa.monday.com/protected_static/11070499/resources/1369977052/Move%20Over%20for%20Stopped%20Emergency%20Vehicles%20Bumper%20Sticker.JPEG,,19,0,,B,,19,,"Pat Boatman Jul 25, 2025 9:40 PM",,6263261985,m17dawvq322r137p4p816w4vt57r5ge8,0
Ride SMART 2 Daytona,Order as Needed,,,,,1000,0,,B,,1000,,"Pat Boatman Jul 25, 2025 9:40 PM",,7324489833,m17dawvq322r137p4p816w4vt57r5ge8,0
Ryder Square Stickers,Staple Item,D5 Office,,https://qcausa.monday.com/protected_static/11070499/resources/1370611524/Ryder%20Square%20Stickers.JPEG,v,800,500,2025-07-10,B,200,100,,"Desmond Tatilian Sep 3, 2025 3:59 PM",300,5798487055,m17dawvq322r137p4p816w4vt57r5ge8,0
Sally Dot Square Stickers,Staple Item,D5 Office,,https://qcausa.monday.com/protected_static/11070499/resources/1370616908/Sally%20DOT%20Square%20Stickers.JPEG,v,1529,500,2025-07-10,B,290,739,,"Desmond Tatilian Jul 30, 2025 12:09 PM",1029,5798487002,m17dawvq322r137p4p816w4vt57r5ge8,0
Stickers-Stop Red Light Running (in rolls of stickers),Order as Needed,D5 Office,,https://qcausa.monday.com/protected_static/11070499/resources/1370631694/Stickers-Stop%20Red%20Light%20Running%20.JPEG,,350,0,,B,,350,,"Pat Boatman Jul 25, 2025 9:40 PM",,5798487180,m17dawvq322r137p4p816w4vt57r5ge8,0
The Guardian Square Stickers,Staple Item,D5 Office,,https://qcausa.monday.com/protected_static/11070499/resources/1370634602/The%20Guardian%20Square%20Stickers.JPEG,v,1000,500,2025-07-10,B,100,400,,"Desmond Tatilian Jul 30, 2025 12:09 PM",500,5798487024,m17dawvq322r137p4p816w4vt57r5ge8,0
Watch out for Pedestrians Bumper Stickers,Order as Needed,D5 Office,,https://qcausa.monday.com/protected_static/11070499/resources/1370645884/Watch%20out%20for%20Pedestrians%20Bumper%20Stickers.JPEG,v,20,0,2025-06-12,B,,20,,"Pat Boatman Jul 25, 2025 9:40 PM",,5798487382,m17dawvq322r137p4p816w4vt57r5ge8,0
"Phone Down, Seatbelt On Puppy Stickers",Order as Needed,,,https://qcausa.monday.com/protected_static/11070499/resources/2201913563/Dog%20Sticker.jpg,v,333,30,2025-06-12,B,,303,,"Pat Boatman Jul 25, 2025 9:40 PM",303,9362779114,m17dawvq322r137p4p816w4vt57r5ge8,0
Buckle Up Orange Sticker,Order as Needed,,,https://qcausa.monday.com/protected_static/11070499/resources/2201912993/BU%20sticker.jpg,v,46,30,2025-06-12,B,280,-264,,"Desmond Tatilian Sep 3, 2025 3:59 PM",16,9362825641,m17dawvq322r137p4p816w4vt57r5ge8,0
Drive Safely Cool Chick Bumper Sticker,Order as Needed,,,https://qcausa.monday.com/protected_static/11070499/resources/2201916521/Chick.jpg,v,639,30,2025-06-25,B,361,248,,"Desmond Tatilian Sep 3, 2025 5:49 PM",609,9362858775,m17dawvq322r137p4p816w4vt57r5ge8,0
Petal to the Metal Bunny Sticker,Order as Needed,,,https://qcausa.monday.com/protected_static/11070499/resources/2201946320/Bunny.jpg,v,90,30,2025-06-12,B,235,-175,,"Desmond Tatilian Sep 3, 2025 3:56 PM",60,9362940965,m17dawvq322r137p4p816w4vt57r5ge8,0
Flashin & Passin Bus Sticker,Order as Needed,,,https://qcausa.monday.com/protected_static/11070499/resources/2201946827/Bus.jpg,v,215,30,2025-06-12,B,100,85,,"Desmond Tatilian Sep 3, 2025 3:59 PM",185,9362943769,m17dawvq322r137p4p816w4vt57r5ge8,0
Buckle Up Green Sticker,Order as Needed,,,https://qcausa.monday.com/protected_static/11070499/resources/2201947425/BU%20Green.jpg,v,-15,30,2025-06-12,B,340,-385,,"Desmond Tatilian Sep 3, 2025 5:49 PM",-45,9362959644,m17dawvq322r137p4p816w4vt57r5ge8,0
"TZ- ""Move Over for Me"" Stopped Emergency Vehicles Card",Order as Needed,D5 Office,,https://qcausa.monday.com/protected_static/11070499/resources/1369976641/Move%20over%20for%20me%20Tip%20Card.JPEG,,137,0,,B,,137,,"Pat Boatman Jul 25, 2025 9:40 PM",,5798487123,m172myqrh517m4ez7rfaakzbx97r5da5,0
TZ- Aromatherapy Card,Order as Needed,FDOT CO,,https://qcausa.monday.com/protected_static/11070499/resources/1384261786/IMG_3683.JPG,v,1900,0,2025-06-09,B,,1900,,"Pat Boatman Jul 25, 2025 9:40 PM",,5798487130,m172myqrh517m4ez7rfaakzbx97r5da5,0
TZ- Be My Valentine Card,Order as Needed,FDOT CO,,https://qcausa.monday.com/protected_static/11070499/resources/1370637186/TZ%20Be%20My%20Valentine%20Tip%20Card.JPEG,,30,0,2025-07-02,B,,30,,"Pat Boatman Jul 25, 2025 9:40 PM",30,5798487322,m172myqrh517m4ez7rfaakzbx97r5da5,0
TZ- Florida Road Trips Card,Order as Needed,,,https://qcausa.monday.com/protected_static/11070499/resources/1384268927/IMG_3684.JPG,v,1449,0,2025-05-30,B,50,1399,,"Pat Boatman Jul 25, 2025 9:40 PM",1449,6375462747,m172myqrh517m4ez7rfaakzbx97r5da5,0
TZ- Fun Ways to Connect With Family and Friends Card,Staple Item,D5 Office,Needs Restock,https://qcausa.monday.com/protected_static/11070499/resources/1370639029/TZ%20Fun%20Ways%20to%20Connect%20With%20Family%20and%20Friends%20Tip%20Cards.JPEG,v,-69,200,2025-07-10,B,70,-339,,"Desmond Tatilian Jul 29, 2025 3:19 PM",-269,5798487049,m172myqrh517m4ez7rfaakzbx97r5da5,0
TZ- Home is Where the Heart Is Card,Order as Needed,,,https://qcausa.monday.com/protected_static/11070499/resources/1370639683/TZ%20Home%20is%20where%20the%20heart%20is%20Tip%20Card.JPEG,,450,0,2024-08-14,B,,450,,"Pat Boatman Jul 25, 2025 9:40 PM",,6262201195,m172myqrh517m4ez7rfaakzbx97r5da5,0
TZ- Move Over or Slow Down for Emergency Lights Card,Staple Item,,Needs Restock,https://qcausa.monday.com/protected_static/11070499/resources/1383877508/Image%20(10).jpg,v,130,200,2025-07-10,B,,-70,,"Pat Boatman Jul 25, 2025 9:40 PM",,6373981196,m172myqrh517m4ez7rfaakzbx97r5da5,0
TZ- Qualities Employers Look For Card,Staple Item,D5 Office,,https://qcausa.monday.com/protected_static/11070499/resources/1370641760/TZ%20Qualities%20Employers%20Look%20For.JPEG,v,1500,200,2025-07-10,B,,1300,,"Pat Boatman Jul 25, 2025 9:40 PM",,5798487054,m172myqrh517m4ez7rfaakzbx97r5da5,0
TZ- Stop and Smell the Flowers Card,Order as Needed,D5 Office,,https://qcausa.monday.com/protected_static/11070499/resources/1370636400/TZ%20%20Florida%20Native%20Plants.JPEG,v,1789,0,2025-06-09,B,,1789,,"Pat Boatman Jul 25, 2025 9:40 PM",,5798486867,m172myqrh517m4ez7rfaakzbx97r5da5,0
TZ- Test Strategies Card,Order as Needed,D5 Office,,https://qcausa.monday.com/protected_static/11070499/resources/1629459500/Image%20(6).jpg,v,1200,0,2025-05-30,B,,1200,,"Pat Boatman Jul 25, 2025 9:40 PM",,5798486890,m172myqrh517m4ez7rfaakzbx97r5da5,0
TZ- The World Needs More of That Card,Order as Needed,D5 Office,,https://qcausa.monday.com/protected_static/11070499/resources/1383822938/Image%20(4).jpg,v,1200,0,2025-05-30,B,,1200,,"Pat Boatman Jul 25, 2025 9:40 PM",,5798486912,m172myqrh517m4ez7rfaakzbx97r5da5,0
TZ- Thrill Seeking in Florida Card,Order as Needed,D5 Office,,https://qcausa.monday.com/protected_static/11070499/resources/1370642234/TZ%20Thrill%20Seeking%20in%20Florida.JPEG,v,92,0,2025-05-30,B,50,42,,"Pat Boatman Jul 25, 2025 9:40 PM",92,5798487003,m172myqrh517m4ez7rfaakzbx97r5da5,0
TZ- Time Saving Life Hacks Card,Order as Needed,D5 Office,,https://qcausa.monday.com/protected_static/11070499/resources/1370642761/TZ%20Time%20Saving%20Life%20Hacks.JPEG,v,1215,0,2025-06-09,B,,1215,,"Pat Boatman Jul 25, 2025 9:40 PM",,5798486917,m172myqrh517m4ez7rfaakzbx97r5da5,0
TZ- Ways to Say No Without Saying No Card,Staple Item,D5 Office,Needs Restock,https://qcausa.monday.com/protected_static/11070499/resources/1370644707/TZ%20Ways%20to%20Say%20No%20Without%20Saying%20No.JPEG,v,1200,200,2025-07-10,B,,1000,,"Pat Boatman Jul 25, 2025 9:40 PM",,5798486844,m172myqrh517m4ez7rfaakzbx97r5da5,0
TZ- Why You're Late,Order as Needed,D5 Office,,,v,1200,0,2025-06-09,B,,1200,,"Pat Boatman Jul 25, 2025 9:40 PM",,9139477583,m172myqrh517m4ez7rfaakzbx97r5da5,0
TZ - ABC Bike Check,Order as Needed,,,https://qcausa.monday.com/protected_static/11070499/resources/2201824662/ABC%20Cards.jpg,v,100,0,2025-06-12,B,,100,,"Pat Boatman Jul 25, 2025 9:40 PM",,9362594112,m172myqrh517m4ez7rfaakzbx97r5da5,0
TZ - Trivia Cards,Order as Needed,,,https://qcausa.monday.com/protected_static/11070499/resources/2202033289/Trivia.jpg,v,1000,200,2025-06-12,B,0,800,,"Desmond Tatilian Sep 3, 2025 2:28 PM",800,9363228912,m172myqrh517m4ez7rfaakzbx97r5da5,0
SR2S-Guardian Special Edition Trading Cards,Staple Item,D5 Office,,https://qcausa.monday.com/protected_static/11070499/resources/1370618822/SR2S-Guardian%20Special%20Edition%20Trading%20Cards.JPEG,v,450,200,2025-07-10,B,100,150,,"Pat Boatman Jul 25, 2025 9:40 PM",250,5798487314,m173gzfeq6153ja15h1xjvszhn7r4yws,0
SR2S-Metro Trading Cards,Staple Item,D5 Office,,https://qcausa.monday.com/protected_static/11070499/resources/1370628241/SR2S-Metro%20Trading%20Cards.JPEG,v,260,200,2025-07-10,B,90,-30,,"Pat Boatman Jul 25, 2025 9:40 PM",60,5798487412,m173gzfeq6153ja15h1xjvszhn7r4yws,0
SR2S-Parker Lotte Trading Cards,Staple Item,D5 Office,,https://qcausa.monday.com/protected_static/11070499/resources/1370629629/SR2S-Parker%20Lotte%20Trading%20Cards.JPEG,v,300,200,2025-07-10,B,,100,,"Pat Boatman Jul 25, 2025 9:40 PM",,5798487429,m173gzfeq6153ja15h1xjvszhn7r4yws,0
SR2S-Ryder Trading Cards,Staple Item,D5 Office,,https://qcausa.monday.com/protected_static/11070499/resources/1370603056/SR2S-Ryder%20Trading%20Cards.JPEG,v,179,200,2025-07-10,B,,-21,,"Pat Boatman Jul 25, 2025 9:40 PM",,5798486954,m173gzfeq6153ja15h1xjvszhn7r4yws,0
SR2S-Sally DOT Trading Cards,Staple Item,D5 Office,Needs Restock,https://qcausa.monday.com/protected_static/11070499/resources/1370602519/SR2S-Sally%20DOT%20Trading%20Cards.JPEG,v,0,200,2025-07-10,B,,-200,,"Pat Boatman Jul 25, 2025 9:40 PM",,5798487387,m173gzfeq6153ja15h1xjvszhn7r4yws,0
SR2S-Superhero Safety Squad Trading Cards,Staple Item,D5 Office,,https://qcausa.monday.com/protected_static/11070499/resources/1629686009/Image%20(16).jpg,v,706,200,2025-07-10,B,114,392,,"Pat Boatman Jul 25, 2025 9:40 PM",506,6437007030,m173gzfeq6153ja15h1xjvszhn7r4yws,0
SR2S-The Guardian Trading Cards,Staple Item,D5 Office,Needs Restock,https://qcausa.monday.com/protected_static/11070499/resources/1370601853/SR2S-The%20Guardian%20Trading%20Cards.JPEG,v,150,200,2025-07-10,B,,-50,,"Pat Boatman Jul 25, 2025 9:40 PM",,5798487338,m173gzfeq6153ja15h1xjvszhn7r4yws,0
SR2S-The Visionaire Trading Cards,Staple Item,D5 Office,Needs Restock,https://qcausa.monday.com/protected_static/11070499/resources/1370601268/SR2S-The%20Visionaire%20Trading%20Cards.JPEG,v,0,200,2025-07-10,,,-200,,"Pat Boatman Jul 25, 2025 9:41 PM",,5798487360,m173gzfeq6153ja15h1xjvszhn7r4yws,0
SR2S-Walker Trading Cards,Staple Item,D5 Office,Needs Restock,https://qcausa.monday.com/protected_static/11070499/resources/1629687720/Image%20(17).jpg,v,0,200,2025-07-10,,,-200,,"Pat Boatman Sep 10, 2025 3:34 PM",,6564146852,m173gzfeq6153ja15h1xjvszhn7r4yws,0
SR2S-Dusty Trading Card,Staple Item,D5 Office,,https://qcausa.monday.com/protected_static/11070499/resources/2411263553/Screenshot%202025-09-10%20153521.jpg,,,0,,,,0,,"Pat Boatman Sep 10, 2025 3:35 PM",,10023303764,m173gzfeq6153ja15h1xjvszhn7r4yws,0
Armbands-Alert Today Branded-Blue,Order as Needed,FDOT CO,,https://qcausa.monday.com/protected_static/11070499/resources/1384326781/Armband%20blue.jpg,,-10,0,2024-04-02,,,-10,,"Pat Boatman Jun 13, 2025 2:42 PM",,5798487518,m17byd3yz5v6p0rty8vhrvf20n7r5g5d,0
Armbands-Alert Today Branded-Color5,Order as Needed,FDOT CO,,,,0,0,,,,0,,"Pat Boatman Jun 13, 2025 2:42 PM",,5798487560,m17byd3yz5v6p0rty8vhrvf20n7r5g5d,0
Armbands-Alert Today Branded-Green,Order as Needed,,,,,0,0,,,,0,,"Pat Boatman Jun 13, 2025 2:42 PM",,6564132481,m17byd3yz5v6p0rty8vhrvf20n7r5g5d,0
Armbands-Alert Today Branded-Pink,Order as Needed,FDOT CO,,https://qcausa.monday.com/protected_static/11070499/resources/1384326280/Armband%20pink.jpg,,90,0,2024-04-02,,,90,,"Pat Boatman Jun 13, 2025 2:42 PM",,5798487416,m17byd3yz5v6p0rty8vhrvf20n7r5g5d,0
Armbands-Alert Today Branded-White,Order as Needed,FDOT CO,,https://qcausa.monday.com/protected_static/11070499/resources/1384326465/Armband%20white.jpg,,64,0,2024-04-02,,,64,,"Pat Boatman Jun 13, 2025 2:42 PM",,5798487472,m17byd3yz5v6p0rty8vhrvf20n7r5g5d,0
Armbands-Alert Today Branded-Yellow,Order as Needed,FDOT CO,,https://qcausa.monday.com/protected_static/11070499/resources/1384326042/Armband%20yellow.jpg,,0,0,2024-04-02,,,0,,"Pat Boatman Jun 13, 2025 2:42 PM",,5798487365,m17byd3yz5v6p0rty8vhrvf20n7r5g5d,0
Bracelet - Orange Work Zone Safety,Order as Needed,,,https://qcausa.monday.com/protected_static/11070499/resources/2026692290/Image%20(23).jpg,v,4549,0,2025-05-30,C,476,4073,,"Desmond Tatilian Jul 30, 2025 12:12 PM",4549,7498240866,m17byd3yz5v6p0rty8vhrvf20n7r5g5d,0
Bracelet - RS Glow in the Dark,Order as Needed,,,,,2448,0,,C,,2448,,"Pat Boatman Jul 25, 2025 9:41 PM",,7707235472,m17byd3yz5v6p0rty8vhrvf20n7r5g5d,0
Bracelet - Stop on Red,Order as Needed,,,,,0,0,,,,0,,"Pat Boatman Jun 13, 2025 2:42 PM",,7498233431,m17byd3yz5v6p0rty8vhrvf20n7r5g5d,0
Bracelets - Debossed Color Fill Silicone Wristband,Order as Needed,D5 Office,,,,0,0,2023-12-13,,,0,,"Pat Boatman Jun 13, 2025 2:42 PM",,5798487147,m17byd3yz5v6p0rty8vhrvf20n7r5g5d,0
LED Armbands - TZ Blue,Staple Item,D5 Office,,https://qcausa.monday.com/protected_static/11070499/resources/1629645594/Image%20(4).jpg,v,4648,1200,2025-08-12,C,4154,-706,,"Desmond Tatilian Sep 3, 2025 5:49 PM",3448,5798487124,m17byd3yz5v6p0rty8vhrvf20n7r5g5d,0
LED Wristbands - TZ Green,Staple Item,,Needs Restock,https://qcausa.monday.com/protected_static/11070499/resources/1629647964/Image%20(3).jpg,v,0,1200,2025-07-29,C,,-1200,,"Pat Boatman Jul 29, 2025 3:24 PM",-1200,7253578432,m17byd3yz5v6p0rty8vhrvf20n7r5g5d,0
Safety Vest - TZ Green and Silver XL,Staple Item,D5 Office,,https://qcausa.monday.com/protected_static/11070499/resources/1805292146/Picture1.png,v,315,200,2025-07-31,D,1795,-1680,,"Desmond Tatilian Jul 31, 2025 11:56 AM",115,5798486895,m17byd3yz5v6p0rty8vhrvf20n7r5g5d,0
Safety Vest - TZ Mesh/Velcro XL,Staple Item,,Needs Restock,"https://qcausa.monday.com/protected_static/11070499/resources/1629681108/Image%20(14).jpg, https://qcausa.monday.com/protected_static/11070499/resources/1629681123/Image%20(15).jpg",v,0,500,2025-07-31,D,140,-640,,"Pat Boatman Jul 31, 2025 11:52 AM",-500,6941500380,m17byd3yz5v6p0rty8vhrvf20n7r5g5d,0
Safety Vest - TZ Yellow and Orange XL,Staple Item,D5 Office,,https://qcausa.monday.com/protected_static/11070499/resources/1384216420/IMG_3679.JPG,v,2054,200,2025-07-31,D,1146,708,,"Desmond Tatilian Sep 3, 2025 3:55 PM",1854,5798487128,m17byd3yz5v6p0rty8vhrvf20n7r5g5d,0
Slap Bracelets - FDOT,Order as Needed,D5 Office,,,,0,0,2023-01-20,,,0,,"Pat Boatman Jun 13, 2025 2:42 PM",,5798486944,m17byd3yz5v6p0rty8vhrvf20n7r5g5d,0
Slap Bracelets - Mobility Week,Order as Needed,D5 Office,,,,0,0,2023-02-24,,,0,,"Pat Boatman Jun 13, 2025 2:42 PM",,5798487039,m17byd3yz5v6p0rty8vhrvf20n7r5g5d,0
"T-Shirts - ""Safety Doesn't Happen By Accident"" Alert Today White",Order as Needed,D5 Office,,"https://qcausa.monday.com/protected_static/11070499/resources/1629672109/Image%20(13).jpg, https://qcausa.monday.com/protected_static/11070499/resources/1629672111/Image%20(12).jpg",,12,0,2023-10-26,A,,12,,"Pat Boatman Jul 25, 2025 9:41 PM",,5798487141,m17byd3yz5v6p0rty8vhrvf20n7r5g5d,0
T-Shirts - Green Alert Today Florida Bike Month,Order as Needed,,,"https://qcausa.monday.com/protected_static/11070499/resources/1629672948/Image%20(10).jpg, https://qcausa.monday.com/protected_static/11070499/resources/1629672972/Image%20(11).jpg",,12,0,,A,,12,,"Pat Boatman Jul 25, 2025 9:41 PM",,7270783277,m17byd3yz5v6p0rty8vhrvf20n7r5g5d,0
Target Zero D5 Hats - Purple,Order as Needed,D5 Office,,https://qcausa.monday.com/protected_static/11070499/resources/1629635388/Image%20(2).jpg,,16,0,2023-12-13,,,16,,"Pat Boatman Jun 13, 2025 2:42 PM",,5798486873,m17byd3yz5v6p0rty8vhrvf20n7r5g5d,0
Target Zero Hats - White,Order as Needed,,,https://qcausa.monday.com/protected_static/11070499/resources/1629637657/Image%20(1).jpg,,4,0,,,,4,,"Pat Boatman Jun 13, 2025 2:42 PM",,7270671578,m17byd3yz5v6p0rty8vhrvf20n7r5g5d,0
TZ Do Not Disturb Door Hangers (6 styles) ***Remove***,Order as Needed,D5 Office,,,,895,0,2023-09-12,B,,895,,"Pat Boatman Jul 25, 2025 9:42 PM",,5798486950,m17byd3yz5v6p0rty8vhrvf20n7r5g5d,0
TZ Purple Bracelets,Order as Needed,D5 Office,,https://qcausa.monday.com/protected_static/11070499/resources/1629802652/Image%20(38).jpg,v,50,0,2025-07-02,A,,50,,"Pat Boatman Jul 25, 2025 9:42 PM",50,5798487313,m17byd3yz5v6p0rty8vhrvf20n7r5g5d,0
TZ Purple T-Shirt - L,Staple Item,,Needs Restock,https://qcausa.monday.com/protected_static/11070499/resources/2026655432/Image%20(20).jpg,v,6,20,2025-08-27,A,,-14,,"Pat Boatman Sep 12, 2025 3:16 PM",-14,7569370581,m17byd3yz5v6p0rty8vhrvf20n7r5g5d,0
TZ Purple T-Shirt - M,Staple Item,,Needs Restock,https://qcausa.monday.com/protected_static/11070499/resources/2026658712/Image%20(20).jpg,v,3,20,2025-08-27,A,,-17,,"Pat Boatman Sep 12, 2025 3:16 PM",-17,7569366000,m17byd3yz5v6p0rty8vhrvf20n7r5g5d,0
TZ Purple T-Shirt - S,Staple Item,,Needs Restock,https://qcausa.monday.com/protected_static/11070499/resources/2026656274/Image%20(20).jpg,v,11,20,2025-08-27,A,,-9,,"Pat Boatman Sep 12, 2025 3:16 PM",-9,7569352292,m17byd3yz5v6p0rty8vhrvf20n7r5g5d,0
TZ Purple T-Shirt - XL,Staple Item,,Needs Restock,https://qcausa.monday.com/protected_static/11070499/resources/2026658929/Image%20(20).jpg,v,1,20,2025-08-27,A,,-19,,"Pat Boatman Sep 12, 2025 3:16 PM",-19,7569377457,m17byd3yz5v6p0rty8vhrvf20n7r5g5d,0
TZ Purple T-Shirt - XXL,Staple Item,,Needs Restock,https://qcausa.monday.com/protected_static/11070499/resources/2026659103/Image%20(20).jpg,v,6,10,2025-08-27,A,,-4,,"Pat Boatman Sep 12, 2025 3:16 PM",-4,7569423552,m17byd3yz5v6p0rty8vhrvf20n7r5g5d,0
TZ Purple T-Shirt - XXXL,Staple Item,,Needs Restock,https://qcausa.monday.com/protected_static/11070499/resources/2026659348/Image%20(20).jpg,v,3,10,2025-08-27,A,1,-8,,"Pat Boatman Sep 12, 2025 3:16 PM",-7,7569447087,m17byd3yz5v6p0rty8vhrvf20n7r5g5d,0
TZ Sunglasses,Staple Item,D5 Office,,"https://qcausa.monday.com/protected_static/11070499/resources/1629664603/Image%20(7).jpg, https://qcausa.monday.com/protected_static/11070499/resources/1629664606/Image%20(6).jpg",v,1250,500,,C,990,-240,,"Desmond Tatilian Sep 3, 2025 1:52 PM",750,5798487436,m17byd3yz5v6p0rty8vhrvf20n7r5g5d,0
Wrist Wallet - Safety Reflective SR2S,Order as Needed,,,https://qcausa.monday.com/protected_static/11070499/resources/1629625807/Image.jpg,,,0,,,,0,,"Pat Boatman Jun 13, 2025 2:42 PM",,7270645684,m17byd3yz5v6p0rty8vhrvf20n7r5g5d,0
Wrist Wallet - Yellow SR2S,Order as Needed,D5 Office,,https://qcausa.monday.com/protected_static/11070499/resources/1384356519/IMG_3688.JPG,,0,,2024-04-02,,,0,,"Pat Boatman Jul 25, 2025 9:42 PM",,5798486886,m17byd3yz5v6p0rty8vhrvf20n7r5g5d,0
TZ Baseball Shirt - S,Staple Item,,Needs Restock,https://qcausa.monday.com/protected_static/11070499/resources/2026743601/Image%20(24).jpg,v,1,10,2025-08-27,,,-9,,"Pat Boatman Sep 12, 2025 3:17 PM",-9,8737408669,m17byd3yz5v6p0rty8vhrvf20n7r5g5d,0
TZ Baseball Shirt - M,Staple Item,,Needs Restock,https://qcausa.monday.com/protected_static/11070499/resources/2026746250/Image%20(24).jpg,v,1,10,2025-08-27,,,-9,,"Pat Boatman Sep 12, 2025 3:17 PM",-9,8737412915,m17byd3yz5v6p0rty8vhrvf20n7r5g5d,0
TZ Baseball Shirt - L,Staple Item,,,https://qcausa.monday.com/protected_static/11070499/resources/2026743408/Image%20(24).jpg,v,1,10,2025-08-27,,,-9,,"Pat Boatman Sep 12, 2025 3:17 PM",-9,8737413472,m17byd3yz5v6p0rty8vhrvf20n7r5g5d,0
TZ Baseball Shirt - XL,Staple Item,,Needs Restock,https://qcausa.monday.com/protected_static/11070499/resources/2026745799/Image%20(24).jpg,v,5,10,2025-08-27,,,-5,,"Pat Boatman Sep 12, 2025 3:17 PM",-5,8737414290,m17byd3yz5v6p0rty8vhrvf20n7r5g5d,0
TZ Baseball Shirt - XXL,Staple Item,,Needs Restock,https://qcausa.monday.com/protected_static/11070499/resources/2026744920/Image%20(24).jpg,v,6,10,2025-08-27,,,-4,,"Pat Boatman Sep 12, 2025 3:17 PM",-4,8737415268,m17byd3yz5v6p0rty8vhrvf20n7r5g5d,0
TZ Baseball Shirt - XXXL,Staple Item,,Needs Restock,https://qcausa.monday.com/protected_static/11070499/resources/2026744152/Image%20(24).jpg,v,3,5,2025-08-27,,,-2,,"Pat Boatman Sep 12, 2025 3:17 PM",-2,8737415890,m17byd3yz5v6p0rty8vhrvf20n7r5g5d,0
TZ Baseball Shirt - XS,Staple Item,,Needs Restock,https://qcausa.monday.com/protected_static/11070499/resources/2026745454/Image%20(24).jpg,v,0,5,2025-08-27,,,-5,,"Pat Boatman Sep 12, 2025 3:17 PM",,8737416484,m17byd3yz5v6p0rty8vhrvf20n7r5g5d,0
